adult,backdrop_path,id,title,original_title,overview,poster_path,media_type,original_language,genre_ids,popularity,release_date,softcore,video,vote_average,vote_count,name,original_name,first_air_date,origin_country,gender,known_for_department,profile_path
False,/tRHrhYfZtxJBKQqNnAWrxJFndp9.jpg,1606362,Divine Punishment,Castigo divino,"At 35, Pedro is completely antisocial, ruthless, and close to being a psychopath. He works as a nurse in a hospital, making life miserable for his coworkers, dealing drugs, and running illegal poker games. One day, a mysterious patient he always argues with dies beside him and leaves him a magical book that turns him into a kind of angel with supernatural powers. At first, he uses his powers for his own benefit, but he starts to realize that helping others isn’t so bad after all.",/wo3x9xRInorlahmeoYDCuOH7SOS.jpg,movie,es,"[35, 14]",1.0503,2026-02-13,False,False,5.286,7,,,,,,,
False,/kOUV5WbisWMg56d8eB45ZHEVxYq.jpg,1151272,Sirāt,Sirāt,"A man and his son arrive at a rave lost in the mountains of Morocco. They are looking for Marina, their daughter and sister, who disappeared months ago at another rave. Driven by fate, they decide to follow a group of ravers in search of one last party, in hopes Marina will be there.",/bzBtsLi17rK4G6kDvOXfUZfAhca.jpg,movie,es,"[18, 53]",6.3859,2025-06-06,False,False,6.857,689,,,,,,,
False,/srJS8SXh8l0cPwUQzM261Xp4ko3.jpg,325001,,,"An innovative dating experiment reality show that breaks away from the conventions of traditional dating programs. Unfamiliar men and women are placed in extreme and controlled environments, facing unexpected experiments such as blind dates in bed and romances in isolation. Through unpredictable situations, the show dynamically captures the participants' raw, instinctive emotions and the realistic changes in their relationships.",/2rfdldWqk1PpdrBfik5Ar0Wp8rH.jpg,tv,ko,[10764],8.3643,,False,True,7.333,3,The Love Lab,연애실험실,2026-06-17,['KR'],,,
False,/6WqqEjiycNvDLjbEClM1zCwIbDD.jpg,1100988,28 Years Later,28 Years Later,"Twenty-eight years after the Rage virus outbreak, a heavily-defended island survives connected to the mainland by a single causeway. When one of the group leaves the island into the dark heart of the mainland, he discovers secrets, wonders, and horrors that have mutated not only the infected but other survivors as well.",/n5FygjEppOvac6yEaowi26nTyw3.jpg,movie,en,"[27, 53, 878]",13.3339,2025-06-18,False,False,6.611,2623,,,,,,,
False,/6t9nSqZpD1mlT9DLugyZNmC3SsQ.jpg,1129104,Flavia,Flavia,"The adventures of 11-year-old Flavia de Luce, who is both an amateur detective and a master poisoner. When she discovers a dead body in her family’s decaying British manor house and her father is accused of the murder, Flavia launches her own investigation to uncover family secrets and bring the true murderer to justice.",/xwm7TGTmQcM2PkVvMxTjpYYk600.jpg,movie,en,"[10751, 12, 9648, 35]",12.1578,2026-04-12,False,False,6.2,6,,,,,,,
False,/danN2NzJTMouaBEkDWTnyDjDxUt.jpg,103540,,,"Percy Jackson is on a dangerous quest. Outrunning monsters and outwitting gods, he must journey across America to return Zeus's master bolt and stop an all-out war. With the help of his friends Annabeth and Grover, Percy's journey will lead him closer to the answers he seeks: how to fit into a world where he feels out of place, and who he's destined to be.",/40eFcTzZier3DWLqldsP5VHxeoD.jpg,tv,en,"[10759, 10765, 18, 10751]",22.11,,False,True,7.286,777,Percy Jackson and the Olympians,Percy Jackson and the Olympians,2023-12-19,['US'],,,
False,/uEn2sZNXKlFLTZzOVYSP60mCFcz.jpg,1373956,Die Ältern,Die Ältern,"A writer in a midlife and marital crisis, overwhelmed by his growing children and unable to accept change, meets another woman. A bit half-hearted and unintentionally funny, he tries to do something different.",/kGnAfwyuJqAHHisR5IJHVmrvCR4.jpg,movie,de,"[35, 10749]",2.1474,2026-02-12,False,False,7.8,4,,,,,,,
False,/jnzoh5qoxRLFRIQAxnl6D3RStPC.jpg,91363,,,"Taking inspiration from the comic books of the same name, each episode of this animated anthology series questions, revisits and twists classic Marvel Cinematic moments.",/lztz5XBMG1x6Y5ubz7CxfPFsAcW.jpg,tv,en,"[16, 10759, 10765]",38.3874,,False,True,8.046,4642,What If...?,What If...?,2021-08-11,['US'],,,
False,/vvE7zc2aie3ozZcy5xYbg5QTFrF.jpg,1468683,Heartstopper Forever,Heartstopper Forever,"It's a new school year for the Truham-Higgs gang. As Nick and Charlie's relationship deepens, their thoughts turn to life after the last bell rings.",/r4lVJVO1BeBb11cBcXBdbHc9e9k.jpg,movie,en,"[18, 10749]",2.534,2026-07-16,False,False,0.0,0,,,,,,,
False,/mceCXNTny6a5F3rQgShLoyARw4l.jpg,96648,,,"As humans turn into savage monsters and the world plunges into terror, a handful of survivors fight for their lives — and to hold on to their humanity.",/7rNWciOcHOH97XIeS1KFuMmjyky.jpg,tv,ko,"[10765, 10759]",82.9151,,False,True,8.229,1575,Sweet Home,스위트홈,2020-12-18,['KR'],,,
False,/x2jNLrYw1s9i6kihEJqsBQgs9nR.jpg,62650,,,"An emotional thrill ride through the day-to-day chaos of the city's most explosive hospital and the courageous team of doctors who hold it together. They will tackle unique new cases inspired by topical events, forging fiery relationships in the pulse-pounding pandemonium of the emergency room.",/9eym662FRJJb9wdgCiDKPDciZzf.jpg,tv,en,[18],63.6012,,False,True,8.3,1254,Chicago Med,Chicago Med,2015-11-17,['US'],,,
False,/8b5yXvmWSOl64Abk1wMYhzs4OnP.jpg,211089,,,General Lu Lingfeng and Detective Su Wuming uncover supernatural mysteries and hidden conspiracies threatening the empire during Emperor Xuanzong’s reign.,/nyhBueT07zQS7wWLYFDNO8LdO3N.jpg,tv,zh,"[9648, 80, 18, 10759]",33.9883,,False,True,8.3,51,Strange Tales of Tang Dynasty,唐朝诡事录,2022-09-27,['CN'],,,
False,/xkNnQ3IGGRQcXnl1zTb5H6Vb3SP.jpg,88046,,,"Year 198 of the Solar Era in Tokyo, special fire brigades are fighting against a phenomenon called spontaneous human combustion where humans beings are turned into living infernos called ""Infernals"". While the Infernals are first generation cases of spontaneous human combustion, later generations possess the ability to manipulate flames while retaining human form. Shinra Kusakabe, a youth who gained the nickname Devil's Footprints for his ability to ignite his feet at will, joins the Special Fire Force Company 8 which composes of other flames users as they work to extinguish any Infernals they encounter. As a faction that is creating Infernals appears, Shira begins to uncover the truth behind a mysterious fire that caused the death of his family twelve years ago.",/96jrp8XIEPKC7xHhbkpWLD15oYW.jpg,tv,ja,"[16, 10759, 10765, 35]",9.517,,False,True,8.3,639,Fire Force,炎炎ノ消防隊,2019-07-05,['JP'],,,
False,/pMBNGBR3ztRhDqRuzBJXkJM62p.jpg,1219548,The Physician II,Der Medicus II,"1050 AD: Robert Cole returns to England to bring the medical light of the Orient to his countrymen. But he fails because of the intrigues of the established London doctors, who feel threatened by the new knowledge. And it is not only the human body that is full of seemingly impenetrable secrets, the soul also holds its own mysteries.",/yU6ybmt1CSdkVBTJJsRYz5xnB4q.jpg,movie,de,"[12, 9648, 18]",4.8803,2025-12-25,False,False,6.403,36,,,,,,,
False,/4TJG9k0u1WZfs9iwhLpHshnryaR.jpg,128995,,,"Yumi is a 30-year old, ordinary woman who struggles with expressing her feelings. Told from the perspective of the many brain cells in her head, she experiences growth in both her love life, her career, and finds happiness in the small joys of everyday life.",/wb0ysW1H4bjceY551Dh4VW2jOzF.jpg,tv,ko,"[35, 18]",10.2107,,False,True,7.935,69,Yumi's Cells,유미의 세포들,2021-09-17,['KR'],,,
False,/2MGgEXwUb9ZLQ5XUwy8mFj0FS9V.jpg,1598525,Férias em Pânico (A aventura começa aqui),Férias em Pânico (A aventura começa aqui),,/eDxu2W59hZearBQDXo6vpJG6COL.jpg,movie,pt,"[28, 14, 80, 9648]",0.4305,2026-01-22,False,True,10.0,1,,,,,,,
False,/8NsOscA4bfKVATaf3ZcWXIUdnjG.jpg,315758,,,Lifelong rivals Ryo and Zen take their office war to a new level—the first one to make the other fall in love wins the ultimate bet.,/4xefC9aXauLtC4z6Q2duH0oeTDn.jpg,tv,ja,[18],7.0878,,False,True,8.1,7,Fake Fact Lips,フェイクファクトリップス,2026-04-24,['JP'],,,
False,/9SfQdtDNS0SNOzAJiLbmjseUmYK.jpg,97199,,,"Viva La Romance (妻子的浪漫旅行) Mango TV produced the Chinese observational reality show, which debuted on August 15, 2018. It depicts celebrity wives on vacation while their husbands observe, comment, and communicate from a studio, with the goal of understanding and emotional expression to heal and improve marriage dynamics.",/dx3JOkHlSMASuK4xfmQ6N7IRSdd.jpg,tv,zh,[10764],11.3859,,False,True,5.5,2,Viva La Romance,妻子的浪漫旅行,2018-08-22,['CN'],,,
False,/bRdiW7cyDXC9HWNLjCtZVGlMb6o.jpg,1536559,Double Happiness,雙囍,"Tim Kao, the meticulous head chef of a five-star hotel in Taiwan, is set to marry his Hong Kong fiance Daisy Wu. But Tim’s divorced parents refuse to attend the same ceremony, and each insists on hosting their own. To complicate things further, the Feng Shui master chooses the same auspicious date for both events. Tim, Daisy, their wedding planner Regina, and the best man Tsai must orchestrate two weddings simultaneously in the same hotel, without either parent finding out. Surrounded by a strict father, a demanding mother, and a cast of sharp-tongued relatives, Tim must confront the traumas of his upbringing and ask himself: is he truly ready to start a new family of his own?",/1N5lbL2x4Bz7YBjEWtu34VRBKCe.jpg,movie,zh,[18],3.5997,2026-02-17,False,False,6.4,13,,,,,,,
False,/zO93ll2BjJzQoBImqjMZRH22oWn.jpg,1693442,Monay,Monay,"Mona, a desperate woman fighting to save the bakery she shares with her younger sister, Monina. When a wealthy businessman offers financial help in exchange for a risky arrangement, Mona must risk love, family, and herself.",/e7pV3szTcQMoPJdJYs9s0AjIty6.jpg,movie,tl,[18],5.1236,2026-05-22,False,False,0.0,0,,,,,,,
False,/ms5y7yUdXYlQuX1d2SCpdlPqD7p.jpg,1519347,KMJS' Gabi Ng Lagim: The Movie,KMJS' Gabi Ng Lagim: The Movie,"Three chilling tales based on real stories expose the haunting depths of faith, fear, and the unknown — from a seafarer trapped on a cursed voyage, to an island plagued by a flesh-eating legend, and a young woman's battle against a legion of demons that pushes the limits of faith and sanity.",/mDen3yi2avr5li5qZqJIDTReZ6x.jpg,movie,tl,[27],3.487,2025-11-26,False,False,0.0,0,,,,,,,
False,,1827498,,,,,person,,,2.1055,,True,True,,,Blu Hunt,Blu Hunt,,,1.0,Acting,/5ilXt7HoEbaJPYZbmRYDDRXvve.jpg
False,,1622390,,,,,person,,,5.8637,,True,True,,,Lee Chae-dam,Lee Chae-dam,,,1.0,Acting,/27qVJm4vpUKBXC9zyW2CbEiyfgG.jpg
False,/fsogRNuRdI7wBv8Ur1UwE0Yd6HC.jpg,1226834,This Tempting Madness,This Tempting Madness,"A young woman awakens from a coma grievously injured, memory fractured, her husband arrested. But as she puts together the pieces of her past, she starts to question her own actions — and her perception of reality.",/eycVPsYXsLMRXgAPGqJTzKvnlzX.jpg,movie,en,"[53, 18]",2.8355,2026-06-12,False,False,7.0,2,,,,,,,
False,/nTDL4UmMLDBCeMtYh8F1LZtgmLV.jpg,259819,,,"Keiji is more than just an ordinary rooster—he's humanity's greatest defender! His opponents may be ten stories tall, but nothing is bigger than his stout heart and his fearsome battle cry—Kokekokko!",/iCtbr0sIdaKZjhQH3Wr7hW6A1IU.jpg,tv,en,"[16, 10759, 10765]",12.644,,False,True,8.719,73,Rooster Fighter,Rooster Fighter,2026-03-15,['US'],,,
False,/tUa9PJj8Rtre15W9XAaryFoctJZ.jpg,287641,,,"After a family emergency, Qing Ye returned to her hometown in her senior year of high school. Finding it difficult to adjust after spending most of her life in a bustling city, Qing Ye vows to leave as soon as she gets a chance. But when she meets Xing Wu, a local teen who's struggling with school, she resolves to help him graduate. Gradually, Xing Wu and Qing Ye grow closer to each other, despite their different personalities and priorities in life. Upon graduating high school, Qing Ye moves away for university, but ends up returning years later – and so does Xing Wu, who still has feelings for Qing Ye. Will this second chance give them a chance to finally realize their feelings for each other?",/5UgLISE15oNSDzCcIgLIXvlIWxx.jpg,tv,zh,[18],28.4623,,False,True,7.5,6,Dazzling,耀眼,2026-05-27,['CN'],,,
False,/sqAJxYboiMguaQeUoxI10IIwIm7.jpg,297143,,,"A sisterhood of successful Black women is redefining what it means to be a mother, wife and boss in Houston, Texas -- all while supporting each other.",/kD6yCY6etTldkDXOPZ9mU7857Qu.jpg,tv,en,[10764],0.6325,,False,True,0.0,0,Heart and Hustle Houston,Heart and Hustle Houston,2025-08-02,['US'],,,
False,/amYND1mIdCYEGVqKEH764W4HBtb.jpg,226174,,,"After achieving success in her younger years, the brilliant septuagenarian Madeline Matlock rejoins the workforce at a prestigious law firm where she uses her unassuming demeanor and wily tactics to win cases and expose corruption from within. Inspired by the classic television series of the same name.",/6kEAVyhalzv4HCAfnLfXUcF3nQZ.jpg,tv,en,"[18, 80]",27.7449,,False,True,7.1,136,Matlock,Matlock,2024-09-22,['US'],,,
False,/vBk9KQW01pJJfn3wAL2MJgTMch1.jpg,32608,,,"Did intelligent beings from outer space visit Earth thousands of years ago? From the age of the dinosaurs to ancient Egypt, from early cave drawings to continued mass sightings in the US, each episode gives historic depth to the questions, speculations, provocative controversies, first-hand accounts and grounded theories surrounding this age old debate.",/6X2hftdC8y78SKMSgfzeUItqaVq.jpg,tv,en,"[99, 9648, 10765]",30.3344,,False,True,7.054,308,Ancient Aliens,Ancient Aliens,2010-04-20,['US'],,,
False,/enVrO8TRkdT8dmYXTfI4sEjR5Kp.jpg,222766,,,"An unrivalled and highly elusive lone assassin, the Jackal, makes his living carrying out hits for the highest fee. But following his latest kill, he meets his match in a tenacious British intelligence officer who starts to track down the Jackal in a thrilling cat-and-mouse chase across Europe, leaving destruction in its wake.",/tYLecM3WSEjlkKhkGiH5G68Dprm.jpg,tv,en,"[18, 10759, 9648]",31.8639,,False,True,8.222,1176,The Day of the Jackal,The Day of the Jackal,2024-11-07,['GB'],,,
False,/rNnTUZgVhzJc36FViudinVPBDSh.jpg,237964,,,"When the founder of Torregrosa Funeral Home dies, his scheming right-hand man is poised to take over the business. But the owner's widow has other plans.",/g6vptk7afH3OHOKSjdjJJtEoOMh.jpg,tv,es,[35],3.4673,,False,True,7.2,41,Death Inc.,Muertos S.L.,2024-04-04,['ES'],,,
False,/nvWoBJLgz0A8YCP0qfqK1OEhEbt.jpg,233291,,,,/mQqHNwv27BDLY1b7z9YpYlezVzv.jpg,tv,zh,"[16, 10759]",2.3186,,False,True,5.0,1,In Search of Gods,搜神记,2026-03-25,['CN'],,,
False,/3vHv71tYgkdmvN4ibHXSfWc7btB.jpg,322072,,,"Bound by a shared love of film, two high school boys spend a life-changing summer falling for each other.",/glzXOralsCIcuWdg4AZLbIQVxGm.jpg,tv,ja,[18],1.9704,,False,True,0.0,0,My Summer of You,君は夏のなか,2026-06-24,['JP'],,,
False,/1fL2S8LKxCVE9KoPRBXeagmBtex.jpg,1114513,Speak No Evil,Speak No Evil,"When an American family is invited to spend the weekend at the idyllic country estate of a charming British family they befriended on vacation, what begins as a dream holiday soon warps into a snarled psychological nightmare.",/dA4N6uWOnEMgbxXwFX7qX7adzs8.jpg,movie,en,"[27, 53]",6.3851,2024-09-11,False,False,7.118,2155,,,,,,,
False,/5XnCFHGrBCDsZCH4Aihr4PsNXBe.jpg,303870,,,"What would you do if your crush had ear-splitting farts? For Aimi and Nami, the answer is to cry tears of joy for being able to pinpoint at a distance the object of their affections, Kirio, from a single toot. These are the kinds of deep, philosophical questions the two friends/rivals in romance pose to each other to prove their love for this boy who hardly seems to know they exist. That won't stop them from conducting nightly rituals to entice him into their dreams, though, or listing out what exactly they like about him, down to the very last organ. But when push comes to shove, will they choose their hilarious friendship over a shot at love?",/jVTHFZnK5ApZqrLLabWjKnI6Jza.jpg,tv,ja,"[16, 35]",3.3226,,False,True,6.2,5,Kirio Fan Club,霧尾ファンクラブ,2026-04-03,['JP'],,,
False,/4Sh2c33WHf1KxX8UYuYLIroaVEv.jpg,1401586,Sonic the Hedgehog 4,Sonic the Hedgehog 4,"Sonic the Hedgehog, joined by a new hero named Amy, faces a new technological nemesis known as Metal Sonic.",/t8uoHBODkFlSQJRL6qc4IclUBlH.jpg,movie,en,"[35, 28, 10751, 878]",7.5518,2027-03-11,False,False,0.0,0,,,,,,,
False,,1522333,Carry On Jatta 4,Carry On Jatta 4,"""Carry On Jatta 4"" is the fourth installment of the iconic Punjabi comedy franchise, produced by Humble Motion Pictures, set for release on June 26, 2026. Expect a hilarious rollercoaster of misunderstandings, quirky characters, and laugh-out-loud moments, continuing the legacy of the beloved series.",/bKa9qAg71Kkjz0tOT1gxSAX9Nfv.jpg,movie,pa,[35],47.5977,2026-06-26,False,False,0.0,0,,,,,,,
False,/wG2VyZvBjXwuZUvqK00UcUNIpCG.jpg,1598785,Milky☆Subway: The Galactic Limited Express - the Movie,銀河特急 ミルキー☆サブウェイ 各駅停車劇場行き,"Six delinquents are tasked with cleaning a train as part of a community service program. But when the train suddenly takes off, chaos ensues.",/brQf6Odu4S6WzfVLuXLbOcbsOP2.jpg,movie,ja,"[16, 28, 12, 35, 878]",23.7015,2026-02-06,False,False,9.214,28,,,,,,,
False,/s9kbcVd0PQCw2JPKo9C84ChP2x.jpg,1417285,The Stain,ราคี,"When Malee, a young woman with a dark past, is drawn by fate to an apartment where she must confront haunting memories from her childhood, she encounters Pran, a botanist, a tea blending master, and the founder of a Thai floral tea brand.",/vPxVvwMduxySggqEyHpwQNtjbx6.jpg,movie,th,"[27, 53, 10749]",23.7139,2026-02-26,False,False,4.0,2,,,,,,,
False,/3vHv71tYgkdmvN4ibHXSfWc7btB.jpg,322072,,,"Bound by a shared love of film, two high school boys spend a life-changing summer falling for each other.",/glzXOralsCIcuWdg4AZLbIQVxGm.jpg,tv,ja,[18],1.9704,,False,True,0.0,0,My Summer of You,君は夏のなか,2026-06-24,['JP'],,,
False,/1fL2S8LKxCVE9KoPRBXeagmBtex.jpg,1114513,Speak No Evil,Speak No Evil,"When an American family is invited to spend the weekend at the idyllic country estate of a charming British family they befriended on vacation, what begins as a dream holiday soon warps into a snarled psychological nightmare.",/dA4N6uWOnEMgbxXwFX7qX7adzs8.jpg,movie,en,"[27, 53]",6.3851,2024-09-11,False,False,7.118,2155,,,,,,,
False,/w3agwUSMpJ4X9t1jGrDtqqRPjDQ.jpg,123542,,,"Using superpowers to enter their clientele’s photos one by one, Cheng Xiaoshi and Lu Guang take their work seriously at “Time Photo Studio,” a small photography shop set in the backdrop of a modern metropolis. Each job can be full of danger, but nothing is more important than fulfilling every order, no matter the scale…or peril involved!",/hCt2bLRGTCjHGqtV5FP3Img6w1h.jpg,tv,zh,"[16, 10765, 9648, 18]",15.4134,,False,True,8.216,111,LINK CLICK,时光代理人,2021-04-30,['CN'],,,
False,/4Sh2c33WHf1KxX8UYuYLIroaVEv.jpg,1401586,Sonic the Hedgehog 4,Sonic the Hedgehog 4,"Sonic the Hedgehog, joined by a new hero named Amy, faces a new technological nemesis known as Metal Sonic.",/t8uoHBODkFlSQJRL6qc4IclUBlH.jpg,movie,en,"[35, 28, 10751, 878]",7.5518,2027-03-11,False,False,0.0,0,,,,,,,
False,,1522333,Carry On Jatta 4,Carry On Jatta 4,"""Carry On Jatta 4"" is the fourth installment of the iconic Punjabi comedy franchise, produced by Humble Motion Pictures, set for release on June 26, 2026. Expect a hilarious rollercoaster of misunderstandings, quirky characters, and laugh-out-loud moments, continuing the legacy of the beloved series.",/bKa9qAg71Kkjz0tOT1gxSAX9Nfv.jpg,movie,pa,[35],47.5977,2026-06-26,False,False,0.0,0,,,,,,,
False,/wG2VyZvBjXwuZUvqK00UcUNIpCG.jpg,1598785,Milky☆Subway: The Galactic Limited Express - the Movie,銀河特急 ミルキー☆サブウェイ 各駅停車劇場行き,"Six delinquents are tasked with cleaning a train as part of a community service program. But when the train suddenly takes off, chaos ensues.",/brQf6Odu4S6WzfVLuXLbOcbsOP2.jpg,movie,ja,"[16, 28, 12, 35, 878]",23.7015,2026-02-06,False,False,9.214,28,,,,,,,
False,/s9kbcVd0PQCw2JPKo9C84ChP2x.jpg,1417285,The Stain,ราคี,"When Malee, a young woman with a dark past, is drawn by fate to an apartment where she must confront haunting memories from her childhood, she encounters Pran, a botanist, a tea blending master, and the founder of a Thai floral tea brand.",/vPxVvwMduxySggqEyHpwQNtjbx6.jpg,movie,th,"[27, 53, 10749]",23.7139,2026-02-26,False,False,4.0,2,,,,,,,
False,/8dZwc6nDN3iqCwXranLQmL7oFSo.jpg,297826,,,"Mysterious tombs appeared all over the world one day, each containing a relic which grants its owner supernatural abilities. Jooheon Suh is a tomb explorer, excavator, and raider. Betrayed by his employer, he's about to die at the hands of a powerful new relic when he suddenly finds himself 15 years in the past, before any relics or tombs made their debut. Driven by feelings of revenge, how will Jooheon use his knowledge of the future to become the Tomb Raider King?",/xuq0kl6BOlEtjJOG6FCjoGJuqqK.jpg,tv,ko,"[16, 10759, 10765]",4.3039,,False,True,0.0,0,Tomb Raider King,도굴왕,2026-07-09,['KR'],,,
False,/qLMfcvdCcCGD2BNLH8b6ZCBuO7D.jpg,2224,,,"The World's Fakest News Team tackle the biggest stories in news, politics and pop culture.",/ixcfyK7it6FjRM36Te4OdblAq4X.jpg,tv,en,"[10763, 35]",92.4254,,False,True,6.404,640,The Daily Show,The Daily Show,1996-07-22,['US'],,,
False,/wGeYd7lVxOzZsbJV7iipK8298hT.jpg,261647,,,"Follow Sofia as she attends The Charmswell School for Royal Magic, where she discovers she is the most magical princess in the realm and must learn how to master her powers while making new royal friends.",/btMAULyx0ecn7slCxJYQ1aNX7yx.jpg,tv,en,"[10762, 16, 10751]",5.5722,,False,True,8.167,6,Sofia the First: Royal Magic,Sofia the First: Royal Magic,2026-05-25,['US'],,,
False,/bOgsRcvQcetWXtVnPgKtYYf9aSV.jpg,306721,,,"On her 14th birthday, Anna Akechi meets a magical fairy and suddenly time-slips from 2027 to 1999! There, she befriends Mikuru, a spirited girl who dreams of becoming a detective. When mysterious thefts stir rumors of the Phantom Thieves, the two transform into Detective Precure, using courage, deduction, and friendship to solve cases and uncover the secret of Anna's journey through time.",/hvCZ64xKMJvFQDgW3RypLnzzS32.jpg,tv,ja,"[16, 10762, 10759, 35, 10765]",10.0508,,False,True,6.8,5,Star Detective Precure!,名探偵プリキュア！,2026-02-01,['JP'],,,
False,,5531949,,,,,person,,,4.1306,,True,True,,,Saika Kawakita,河北彩伽,,,1.0,Acting,/3q5zJ5Ae6zWKgAU7FOziu0LDYr0.jpg
False,/E7hhuSZ1U5xymN2Olg2EOr4N4P.jpg,1242419,Roofman,Roofman,"A former Army Ranger and struggling father turns to robbing McDonald’s restaurants by cutting holes in their roofs, earning him the nickname ""Roofman."" After escaping prison, he secretly lives inside a Toys “R” Us for six months, surviving undetected while planning his next move. But when he falls for a divorced mom drawn to his undeniable charm, his double life begins to unravel, setting off a compelling and suspenseful game of cat and mouse as his past closes in.",/wXDFtcnYtevleGzCmAD2ReQnJ4l.jpg,movie,en,"[80, 35, 18]",8.168,2025-10-06,False,False,7.072,853,,,,,,,
False,/krRJcoEVbkT2fPZDqmj9zWp9ZQR.jpg,224263,,,"Winter. Hawkins. 1985. Welcome back to a town crawling with secrets, where beloved heroes are facing fresh mysteries... and an all-new breed of strange.",/xyVpiSZNA2fYJUuuagkqiSHJqjr.jpg,tv,en,"[16, 10765, 9648, 10759]",11.9474,,False,True,7.577,84,Stranger Things: Tales from '85,Stranger Things: Tales from '85,2026-04-23,['US'],,,
False,/tbHQDtoDZGJsfe7Kx6BEShcrZAa.jpg,89456,,,A caveman forms a bond with a dinosaur as they struggle to survive in a hostile world.,/mf12pRakr3eYdJtv6klQtoznnbU.jpg,tv,en,"[10759, 16]",11.4166,,False,True,8.656,1585,Primal,Primal,2019-10-08,['US'],,,
False,/voKEhzb4ExOmR0WSvQgLTTqRUEu.jpg,108978,,,"Jack Reacher, a veteran military police investigator, has just recently entered civilian life. Reacher is a drifter, carrying no phone and the barest of essentials as he travels the country and explores the nation he once served.",/31GlRQMiDunO8cl3NxTz34U64rf.jpg,tv,en,"[10759, 18, 80]",98.1876,,False,True,8.08,2896,Reacher,Reacher,2022-02-03,['US'],,,
False,/nBrkOZyI75artyizuBFeya48KbO.jpg,86831,,,"Terrifying creatures, wicked surprises and dark comedy converge in this NSFW anthology of animated stories presented by Tim Miller and David Fincher.",/vL5BQvXH96cJzmNK5n7QliQxy90.jpg,tv,en,"[16, 10765]",26.9772,,False,True,8.209,4027,"Love, Death & Robots","Love, Death & Robots",2019-03-15,['US'],,,
False,/1ytf7rzkZ7RLlMnBdGggQ0ENe6z.jpg,1418657,The Yeti,The Yeti,"When an oil tycoon and a famous adventurer vanish into the harsh winter of remote northern Alaska, a hand-picked rescue team endeavors to bring them home. What they don’t know is that they are trespassing on The Yeti’s territory, and the elements are the least of their worries.",/zaqEfoKcWkVni2eONhJ7DRhMO8Q.jpg,movie,en,"[27, 53]",36.3802,2026-04-04,False,False,6.392,60,,,,,,,
False,/yczDaFhOEmNe0omdvGpYLu050dg.jpg,304820,,,"Born into a legendary ducal family, martial prodigy Maria “Mimi” Annovazzi loses her claim as heir and is suddenly ordered to marry into prestige. With no options left in her homeland, she transfers to a neighboring kingdom—only to be publicly dumped at graduation by a prince she’s never met over an engagement she didn’t even know she had! Will Maria be doomed to the life of a spinster?!",/rPXtyRafus1WNEULCoiYJXCclbZ.jpg,tv,ja,"[16, 35, 10765]",7.8503,,False,True,6.9,15,Always a Catch!,逃がした魚は大きかったが釣りあげた魚が大きすぎた件,2026-04-02,['JP'],,,
False,/h4Ds1GYq7eMImgcNjKj4iTQ79cg.jpg,243202,,,"In this music competition show, Fabri Fibra, Geolier and Rose Villain hit the streets of Rome, Naples and Milan to find the next Italian rap superstar.",/wcL1RX12xlFydhSiOI9PgY29Zl3.jpg,tv,it,[10764],8.1113,,False,True,7.0,16,Rhythm + Flow Italy,Nuova Scena,2024-02-19,['IT'],,,
False,/1jdPUUSy37Wzw3xuc8otI86X2gv.jpg,1575337,Cosmic Princess Kaguya!,超かぐや姫！,"Iroha's life gets knocked off its orbit when Kaguya, a carefree runaway from the Moon, moves in and convinces her to perform in a virtual world together.",/9I9cM38gecZcwJ0C6r0cwfvtPJP.jpg,movie,ja,"[16, 14, 10402, 878]",12.9022,2026-01-22,False,False,8.4,89,,,,,,,
False,/rhuEN18ZimDOva3guaWZA4hYgLB.jpg,1309083,Dolly,Dolly,"Young Macy is abducted by a deranged, monstrous figure who wants to raise her as its child.",/sTPUg3XtdcKRAS5Vwsi1GYPFhNZ.jpg,movie,en,[27],4.6162,2026-03-06,False,False,6.142,81,,,,,,,
False,/l7BDJsD2zRYHvu3G7qV1v7q5hoF.jpg,69557,,,"A top Israeli agent comes out of retirement to hunt for a Palestinian militant he thought he'd killed, setting a chaotic chain of events into motion.",/bc6XIKP1TrnugYMzIIUz9YCL8VM.jpg,tv,he,"[18, 10759, 10768]",27.3265,,False,True,7.496,250,Fauda,פאודה,2015-02-15,['IL'],,,
False,/byLGV2pPCDRSZl5beq1yoEWDKQc.jpg,325083,,,"FIFA World Cup 2026: Preview Series is a documentary series that looks ahead to the 2026 FIFA World Cup. Each episode highlights national teams, players, and key football stories from around the world. The series explores how countries are preparing for the tournament and the expectations surrounding both favourites and underdog teams.",,tv,en,[99],2.1261,,False,True,9.0,1,FIFA World Cup 2026: Preview Series,FIFA World Cup 2026: Preview Series,2026-06-06,['US'],,,
False,/3GQKYh6Trm8pxd2AypovoYQf4Ay.jpg,85937,,,"After a demon attack leaves his family slain and his sister cursed, Tanjiro embarks upon a perilous journey to find a cure and avenge those he's lost.",/xUfRZu2mi8jH6SzQEJGP6tjBuYj.jpg,tv,ja,"[16, 10759, 10765]",19.9409,,False,True,8.637,7293,Demon Slayer: Kimetsu no Yaiba,鬼滅の刃,2019-04-06,['JP'],,,
False,/yllJJooNG1PEptw4yoy6OpTyoyS.jpg,1630264,A Special Memory,A Special Memory,"The illness challenges the couple's love in a way they never anticipated, shifting the narrative from a sweet romance to an emotional journey.",/1ucCvNfCUlhacBZseLik4IWg797.jpg,movie,tl,"[10749, 18]",5.2931,2026-03-11,False,False,0.0,0,,,,,,,
False,/usLRh1bcbL0Q9X8zf6rL4OV1qrA.jpg,2661,,,"Takeshi Hongo is a promising young man with a passion for motorcycle racing. However, his dreams are suddenly ruined when he gets kidnapped by Shocker, the evil secret organization planning to dominate the world. After being remodeled into a cyborg, Takeshi escapes and swears to protect the world from the inhuman monsters.",/2DIBDFHiKQawz4WPsYekl9DHwyA.jpg,tv,ja,"[10759, 10765, 18]",106.8909,,False,True,6.45,101,Kamen Rider,仮面ライダー,1971-04-03,['JP'],,,
False,/xCmdeEvJNxptR30bEVXXWLrt4iI.jpg,62745,,,"In Orario, fearless adventurers band together in search of fame and fortune within the underground labyrinth known as the Dungeon. But Bell Cranel, novice adventurer, has bigger plans than riches and glory; he fights monsters in the hope of having a fateful encounter with a girl. When this happens, it doesn't go exactly as he planned. Thus begins the story of an unlikely pair, a boy and a goddess, both trying to prove themselves, both eager to reach their goals.",/hR4zYTRJZiSYooocDRPW7P3PCTF.jpg,tv,ja,"[16, 10765, 35, 10759]",3.9915,,False,True,7.309,301,Is It Wrong to Try to Pick Up Girls in a Dungeon?,ダンジョンに出会いを求めるのは間違っているだろうか,2015-04-04,['JP'],,,
False,/gejQCF5SbuSe5kbfFA5qUNQjanI.jpg,324487,,,"Jun, the grim reaper who manages death, receives a list of names and descends to the human world again today. School, unfamiliar scenery, and a strange self. But the task seemed simple: he simply needed to find the target of the code floating above his head.

But the code written on the register hovered over two people simultaneously. One was Hyeon, with his indifferent gaze, the other Yun, with his playful smile. The question, ""Who should die?"" soon morphed into ""Who should live?"" and Jun, hiding his identity, began living as a student alongside the two.",/gLNnzKIXNSRWDOcyJknimdlnq8v.jpg,tv,ko,"[18, 10765]",2.6896,,False,True,6.0,1,Fix the Error!,오류를 고쳐줘!,2026-06-12,['KR'],,,
False,/Zk5UmvJ634LhA56R18h8RfipFG.jpg,256695,,,"Familiar duo Mordecai and Rigby navigate mundane park jobs that inevitably spiral into surreal, chaotic disasters.",/jqY3dj70ffSqKpM8XVUEToOEeLG.jpg,tv,en,"[16, 35, 10759, 10765]",15.2902,,False,True,9.616,99,Regular Show: The Lost Tapes,Regular Show: The Lost Tapes,2026-05-11,['US'],,,
False,/bajke0ThKJ2V2iHE9DDYOJGdS7a.jpg,1137350,The Phoenician Scheme,The Phoenician Scheme,"Wealthy businessman Zsa-zsa Korda appoints his only daughter, a nun, as sole heir to his estate. As Korda embarks on a new enterprise, they soon become the target of scheming tycoons, foreign terrorists, and determined assassins.",/u2jxeYLXTYfu0bqJmnLGIgZswib.jpg,movie,en,"[35, 12, 80]",6.2463,2025-05-23,False,False,6.498,941,,,,,,,
False,/wJygv7NrIH30GVhG14r5A9WwwxV.jpg,203003,,,The program tells the story of six new residents who work together to uncover the ultimate truth about Apartment 11 as they deduce a mysterious case.,/orqFCNBgnVWjCB7iWQMMTINyQwf.jpg,tv,zh,[10764],37.4339,,False,True,7.9,8,The Truth,开始推理吧,2022-06-03,['CN'],,,
False,/mEmN95fDqxMDSyg6ZOpMKDvZSqA.jpg,287450,,,"A British intelligence officer Kate Henderson races against time to uncover a UK politician's potential ties with the Kremlin, risking her reputation and family, as a murder and election loom.",/f7tksyddK3VvismfoWCwpXPqz0x.jpg,tv,en,"[18, 10768, 80]",6.3591,,False,True,6.5,24,Secret Service,Secret Service,2026-04-27,['GB'],,,
False,/sjOTFlGapgXFjwV3LmD9eHZEp3d.jpg,281016,,,Seo Mi-rae is worn out by work. Love? It's the last thing on her mind. But a virtual dating service sparks feelings — and maybe a real shot at romance.,/8vBWQjdCnK7xSGuNbK1gBK1iIQL.jpg,tv,ko,"[35, 10765, 18]",9.8035,,False,True,8.3,125,Boyfriend on Demand,월간남친,2026-03-06,['KR'],,,
False,/bIHCUqaapZdRjd2kzSDiwzYyrpC.jpg,45140,,,"Robin, Starfire, Raven, Beast Boy and Cyborg return in all-new, comedic adventures. They may be super heroes who save the world every day ... but somebody still has to do the laundry!",/kPKAigYUlWRpnfo4Ptiwlz4FWXU.jpg,tv,en,"[16, 10759, 35, 10751, 10765]",101.4009,,False,True,6.441,706,Teen Titans Go!,Teen Titans Go!,2013-04-23,['US'],,,
False,/fGOfVu7YjBEBxPZH7fwkufZ47Lu.jpg,309663,,,"A court case unfolds under the weight of differing perspectives, strange coincidences, and the strict duty to uphold the law, making the pursuit of truth a complex and elusive challenge.",/lAh5bdyjSKkwiEL7iRriLvDhQG4.jpg,tv,cn,[18],3.9233,,False,True,5.0,1,COURT!,COURT!,2026-05-18,['HK'],,,
False,/iTt37Rl8AidvU5aQf5M4odroCuF.jpg,255055,,,"Dr. Amy Larsen must navigate an unfamiliar world after a brain injury erases the last eight years of her life. She can rely only on her estranged 17-year-old daughter, whom she remembers as a 9-year-old, and a handful of devoted friends, as she struggles to continue practicing medicine, despite having lost nearly a decade of knowledge and experience.",/sZeGoeE4pfPClCLEZHuC8ocReOw.jpg,tv,en,[18],13.212,,False,True,7.061,66,Doc,Doc,2025-01-07,['US'],,,
False,/6GssadQMycGiPGMny8aeCv0h6TW.jpg,306956,,,"A hardworking physical therapist, Adriana is facing multiple challenges at once. After being fired from the clinic where she works, her house is hit by a flood that ends up killing her husband, Carlos. Now homeless and struggling to support her family, Adriana starts working for the Brandãos, a traditional wealthy family from São Paulo, as the caregiver for Artur, the grumpy patriarch. The millionaire jeweler, known for driving away every employee, gradually forms a genuine bond with Adriana, who must also deal with the distrust of the rest of the family.",/p97unAJ9n9gpNrICCwEKuZdrb1t.jpg,tv,pt,"[10766, 18]",4.4956,,False,True,7.5,2,Quem Ama Cuida,Quem Ama Cuida,2026-05-18,['BR'],,,
False,/reQELo8rDiLIOoYIA7M6q7KGRW0.jpg,804370,Arco,Arco,"Ten-year-old Arco lives in a far future. During his first flight in his rainbow suit, he loses control and falls into the past. Iris, a girl his age from 2075, comes to his rescue and tries by any means to help send him back to his own era.",/mWlvHFxTDhq9O5WSOHywa32QIez.jpg,movie,fr,"[12, 16, 10751, 878]",6.8894,2025-10-22,False,False,7.578,232,,,,,,,
False,/ipbS3LE3aZB1EIYbVcR2NDfrxSC.jpg,315007,,,"A former top actress who has lost her ability to feel and a psychological counselor who feels too much are brought together through a mysterious ability to share emotions. As she begins to rediscover emotions through him, and he learns to manage the overwhelming weight of empathy through her, the two gradually heal each other in unexpected ways.",/4RsU58TB8XBmOwPTKQw7jR42pOS.jpg,tv,ko,"[18, 35, 10765]",2.9979,,False,True,0.0,0,Love In Sync,공감세포,2026-07-04,['KR'],,,
False,/ulw8SrKbDeDrsSVNKPb5211AseI.jpg,1263012,Dead Man's Wire,Dead Man's Wire,"In 1977, former real estate developer Tony Kiritsis puts a dead man's switch on himself and the mortgage banker who did him wrong, demanding $5 million and a personal apology.",/dgSoeebklY0IGKWbp36r9FwRXlv.jpg,movie,en,"[80, 18, 53]",6.1244,2026-01-09,False,False,6.522,159,,,,,,,
False,/jUpuMPCQiNSYi4QxeCIGFUlPizn.jpg,1511549,Still Sexy,Ancora più sexy,"Maddalena has it all: a job she loves, the perfect fiancé, and a dream wedding ahead. Yet in the bedroom, something feels wrong. Urged on by her inner voice, embodied by pornstar Valentina Nappi, she begins to question her life. Meeting Bruno, a gardener with a troubled past, leads her to rediscover herself and realize the only path worth following is her own.",/7UkNVTmYvfOh9Eq39IU7G6NoyMz.jpg,movie,it,"[35, 10749]",5.6018,2026-06-12,False,False,5.217,23,,,,,,,
False,/3KbXVylgEd6IFnQxh54aExQDBoA.jpg,323418,,,Dive deeper into the world of The Vampire Lestat with this new series that takes fans behind the scenes of each episode with members of the cast and creative team. Hosted by writer and podcaster Lizzie Bassett.,/4we4BEbdWlWWdd2kXtAm0uXFyac.jpg,tv,en,[10767],2.3748,,False,True,5.5,2,The Vampire Lestat: After Dark,The Vampire Lestat: After Dark,2026-06-07,['US'],,,
False,/dMCfHJRnAZfKoPTjYyZk2QCL8au.jpg,223386,,,"Haunted by his past and hunted by his enemies, a Special Forces veteran fights to keep a teenage girl alive on the deadly streets of Rio de Janeiro.",/9cZzmT8rhBXbZ1QFBPs3ggABYB3.jpg,tv,en,"[10759, 80]",14.4165,,False,True,7.5,172,Man on Fire,Man on Fire,2026-04-30,['US'],,,
False,/drEC5ZDesvz3g7xuApbud6xKSm7.jpg,1134517,Streets of Glória,Ruas da Glória,"Gabriel, a 24-year-old anthropologist from a wealthy family from the interior of the Northeast, is gay and in the closet. Following the death of his grandmother, he decides to go to Rio de Janeiro to study the lives of sex workers. Seduced by his object of study, Gabriel will become one of them.",/b7pj2ZeuPcxsAfcFcvRXtig73aX.jpg,movie,pt,[18],2.1853,2026-04-02,False,False,7.5,2,,,,,,,
False,/h9Qnbseuz4WIujqvmGdEfqky4pL.jpg,1632334,Kraken. El libro negro de las horas,Kraken. El libro negro de las horas,,/3ZIhW9gyIARln6Tnn92lOS2o419.jpg,movie,es,"[80, 9648, 53]",4.8964,2026-03-13,False,False,5.2,2,,,,,,,
False,/1w8kutrRucTd3wlYyu5QlUDMiG1.jpg,762509,Mufasa: The Lion King,Mufasa: The Lion King,"Mufasa, a cub lost and alone, meets a sympathetic lion named Taka, the heir to a royal bloodline. The chance meeting sets in motion an expansive journey of a group of misfits searching for their destiny.",/jbOSUAWMGzGL1L4EaUF8K6zYFo7.jpg,movie,en,"[12, 10751, 16]",13.4979,2024-12-18,False,False,7.302,2688,,,,,,,
False,/dkQMNLgZMZfVXReu7EBJ88Emcka.jpg,107467,,,"SINGER, formerly known as I AM A SINGER, is a large-scale singing competition program co-produced by Hunan Broadcasting System (HBS) and Mango TV.

The first four seasons were adapted from the Korean reality show I Am a Singer produced by MBC. Beginning with the 2017 season, the program was rebranded as SINGER.

The series brings together established vocalists from the Chinese music industry as well as internationally renowned artists to compete on stage. In each episode, the results are determined by a panel of 500 in-studio audience judges who vote to decide the singers’ rankings and eliminations.

Starting with the 2024 season, the show shifted from pre-recorded broadcasts to fully live performances and introduced an additional panel of 500 online international audience judges.",/cLcarnYaKBiIssUqp5bq76Dxj2p.jpg,tv,zh,[10764],16.6519,,False,True,6.0,6,SINGER,我是歌手,2013-01-18,['CN'],,,
False,/wGBjZnQ5LtSSTkC3aA6ZALHZaUm.jpg,201859,,,"In a college class where students are paired up and sent on dates, a sophomore is partnered with an upperclassman whose gentle kindness steals his heart.",/yoUP5L763UM7iM7CHTzXAuQNXHh.jpg,tv,ko,[18],26.7884,,False,True,7.1,26,Love Class,수업중입니다,2022-05-13,['KR'],,,
False,/mNHRGO1gFpR2CYZdANe72kcKq7G.jpg,153312,,,"New York mafia capo Dwight ""The General"" Manfredi is released from prison after 25 years and exiled by his boss to set up shop in Tulsa, Oklahoma. Realizing that his mob family may not have his best interests in mind, Dwight slowly builds a crew.",/rOYLWCdAifpUtPlTf1WHxyaxeMt.jpg,tv,en,"[80, 18]",51.0377,,False,True,8.296,2661,Tulsa King,Tulsa King,2022-11-13,['US'],,,
False,/4z6VWajbDWZ6CQFC3u4ApKMzGMk.jpg,1363974,That Time I Got Reincarnated as a Slime the Movie: Tears of the Azure Sea,劇場版 転生したらスライムだった件 蒼海の涙編,"After concluding the opening ceremony of the Demon Kingdom Federation Tempest, Rimuru and his companions are invited by the Celestial Emperor Hermesia of the great elven nation – the Magi Dynasty Salion – to visit her private resort island. As the group enjoys their brief vacation, a mysterious woman named Yura appears. A new incident unfolds against the backdrop of the boundless azure sea.",/oblkRIWuKTF46CsnLhBiE7Otn3z.jpg,movie,ja,"[16, 14, 12, 35]",6.7186,2026-02-27,False,False,6.625,8,,,,,,,
False,/lCzWYwmeIjh4HHOMz2hQ8esEWV5.jpg,1020829,Wild Foxes,La Danse des renards,"At a sports boarding school, talented young boxer Camille narrowly survives a fatal accident, saved by his best friend Matteo. After a swift recovery, an inexplicable pain gradually takes hold of him, threatening his dreams of greatness and his relationship with the team. In the ring and in a man's world, there’s no room for weakness.",/izz29QpekxBLYSqYwM0do9PtBWd.jpg,movie,fr,[18],2.0809,2026-03-18,False,False,6.3,8,,,,,,,
False,/nHhczDKcSsnNFWDHVTMhXcnh9zF.jpg,95004,,,"A seemingly perfect interracial first family becomes the White House's newest residents. But behind closed doors they unleash a torrent of lies, cheating and corruption.",/b5PTXErp18fzi8e2MQv2HlEiE23.jpg,tv,en,"[18, 10751]",11.7857,,False,True,8.165,97,Tyler Perry's The Oval,Tyler Perry's The Oval,2019-10-23,['US'],,,
False,,5344586,,,,,person,,,0.3414,,True,True,,,石川澪,石川澪,,,0.0,,
False,/c4WtCZqY5IK7ItAwhwKJqAjsjmZ.jpg,321045,,,,/3R4OUyeWgAD7y79KK0rdxLeCrjP.jpg,tv,zh,[18],4.5655,,False,True,8.3,3,The Summer you Kissed Me,被你吻过的夏天,2026-06-04,['CN'],,,
False,/aqczvSe6O8sztVpirEVYCn8qwmG.jpg,242866,,,,/iCdg6e2g4gPCssUJ5lSxf7QyWBq.jpg,tv,es,"[80, 18]",17.9273,,False,True,1.0,1,33 días,33 días,2026-06-07,['ES'],,,
False,/rsLZK4xAw1Oun0T5UWfG213qalP.jpg,252372,,,"When mafia lawyer Björn attends a mindfulness class to find a better work-life balance, he discovers surprising new coping strategies — including murder.",/rt6SspSLBl5PqWXGstR7HlUM3Nj.jpg,tv,de,"[18, 35, 80]",17.7447,,False,True,7.6,175,Murder Mindfully,Achtsam morden,2024-10-31,['DE'],,,
False,/3sE6bs8YsxJEtwVFokAt5TezPl7.jpg,241709,,,"Determined to become King of the Pirates, Monkey D. Luffy leads his Straw Hat crew across treacherous seas in search of the legendary One Piece while facing ruthless rivals, powerful enemies, and countless dangers along the way.",/tcBHXNxz62RaAiDRbkm6DEwiXbJ.jpg,tv,ja,"[16, 10759, 10765]",4.235,,False,True,0.0,0,THE ONE PIECE,THE ONE PIECE,,['JP'],,,
False,/ukPu5xYOBAnh5H46uK4aQOirW2b.jpg,1022787,Elio,Elio,"Elio, a space fanatic with an active imagination, finds himself on a cosmic misadventure where he must form new bonds with eccentric alien lifeforms, navigate a crisis of intergalactic proportions and somehow discover who he is truly meant to be.",/7z8jDiTZZco9moIKpTUImFtTy7o.jpg,movie,en,"[16, 12, 878, 10751]",16.6628,2025-06-18,False,False,6.909,1025,,,,,,,
False,/c3Q5Aho7FSGLaOwVEN50a7iqjPv.jpg,1690760,Capio,Capio,An amateur astronomer discovers a strange new star in the sky that leads him into the heart of a dark conspiracy to control humanity by exploiting its addiction to technology.,/9n3W3khjLbCmZobB4g8GudwMYMO.jpg,movie,en,"[53, 878]",1.5164,2025-11-12,False,False,7.0,2,,,,,,,
False,/dkQMNLgZMZfVXReu7EBJ88Emcka.jpg,107467,,,"SINGER, formerly known as I AM A SINGER, is a large-scale singing competition program co-produced by Hunan Broadcasting System (HBS) and Mango TV.

The first four seasons were adapted from the Korean reality show I Am a Singer produced by MBC. Beginning with the 2017 season, the program was rebranded as SINGER.

The series brings together established vocalists from the Chinese music industry as well as internationally renowned artists to compete on stage. In each episode, the results are determined by a panel of 500 in-studio audience judges who vote to decide the singers’ rankings and eliminations.

Starting with the 2024 season, the show shifted from pre-recorded broadcasts to fully live performances and introduced an additional panel of 500 online international audience judges.",/cLcarnYaKBiIssUqp5bq76Dxj2p.jpg,tv,zh,[10764],16.6519,,False,True,6.0,6,SINGER,我是歌手,2013-01-18,['CN'],,,
False,/wGBjZnQ5LtSSTkC3aA6ZALHZaUm.jpg,201859,,,"In a college class where students are paired up and sent on dates, a sophomore is partnered with an upperclassman whose gentle kindness steals his heart.",/yoUP5L763UM7iM7CHTzXAuQNXHh.jpg,tv,ko,[18],26.7884,,False,True,7.1,26,Love Class,수업중입니다,2022-05-13,['KR'],,,
False,/mNHRGO1gFpR2CYZdANe72kcKq7G.jpg,153312,,,"New York mafia capo Dwight ""The General"" Manfredi is released from prison after 25 years and exiled by his boss to set up shop in Tulsa, Oklahoma. Realizing that his mob family may not have his best interests in mind, Dwight slowly builds a crew.",/rOYLWCdAifpUtPlTf1WHxyaxeMt.jpg,tv,en,"[80, 18]",51.0377,,False,True,8.296,2660,Tulsa King,Tulsa King,2022-11-13,['US'],,,
False,/lCzWYwmeIjh4HHOMz2hQ8esEWV5.jpg,1020829,Wild Foxes,La Danse des renards,"At a sports boarding school, talented young boxer Camille narrowly survives a fatal accident, saved by his best friend Matteo. After a swift recovery, an inexplicable pain gradually takes hold of him, threatening his dreams of greatness and his relationship with the team. In the ring and in a man's world, there’s no room for weakness.",/izz29QpekxBLYSqYwM0do9PtBWd.jpg,movie,fr,[18],2.0809,2026-03-18,False,False,6.3,8,,,,,,,
False,/aKgdjoZTBwBf2G1JWBGg67tKfyM.jpg,275146,,,"The pods are open, and so are the hearts — now in Argentina. Who will make it past appearances in this experiment where saying ""I do"" comes sight unseen?",/oR9fhZWaP3p0RbkTGwLUhgPhryR.jpg,tv,es,[10764],1.5623,,False,True,6.9,6,Love Is Blind: Argentina,Love Is Blind: Argentina,2024-11-06,['AR'],,,
False,,5344586,,,,,person,,,0.3414,,True,True,,,石川澪,石川澪,,,0.0,,
False,/c4WtCZqY5IK7ItAwhwKJqAjsjmZ.jpg,321045,,,,/3R4OUyeWgAD7y79KK0rdxLeCrjP.jpg,tv,zh,[18],4.5655,,False,True,8.3,3,The Summer you Kissed Me,被你吻过的夏天,2026-06-04,['CN'],,,
False,/rsLZK4xAw1Oun0T5UWfG213qalP.jpg,252372,,,"When mafia lawyer Björn attends a mindfulness class to find a better work-life balance, he discovers surprising new coping strategies — including murder.",/rt6SspSLBl5PqWXGstR7HlUM3Nj.jpg,tv,de,"[18, 35, 80]",17.7447,,False,True,7.6,175,Murder Mindfully,Achtsam morden,2024-10-31,['DE'],,,
False,/3sE6bs8YsxJEtwVFokAt5TezPl7.jpg,241709,,,"Determined to become King of the Pirates, Monkey D. Luffy leads his Straw Hat crew across treacherous seas in search of the legendary One Piece while facing ruthless rivals, powerful enemies, and countless dangers along the way.",/tcBHXNxz62RaAiDRbkm6DEwiXbJ.jpg,tv,ja,"[16, 10759, 10765]",4.235,,False,True,0.0,0,THE ONE PIECE,THE ONE PIECE,,['JP'],,,
False,/dNm06BNPg0yQ6rnxv5OQptaCLuW.jpg,1300926,The Angry Birds Movie 3,The Angry Birds Movie 3,The third installment in The Angry Birds Movie franchise. Plot TBA.,/5WT2fuN2jExUWIATKjP4zvF1Dey.jpg,movie,en,"[12, 16, 35, 10751]",4.4063,2026-12-23,False,False,0.0,0,,,,,,,
False,/vyC7bYAd3lPHeg47VDz4iZ97wRP.jpg,281009,,,"Jay-jay, the only girl in the mischievous Section E, hopes for a fresh start in high school but quickly becomes the target of her rowdy male classmates' pranks and schemes to make her leave. Dubbed their ""Mutya"" (muse), she fights back with wit and charm, turning the tables on her tormentors. Amidst the chaos, unexpected friendships blossom, and hilarious misunderstandings lead to heart-fluttering moments. Can Jay-jay survive the madness of Section E, or will she win over their hearts instead?",/2wBlN0pC9U1LWmLNTdOuR76NSHe.jpg,tv,tl,"[35, 18]",32.7174,,False,True,8.318,96,The Jewel of Section E,Ang Mutya ng Section E,2025-01-03,['PH'],,,
False,/37gLf23jKp0dWPXwPYXYEzTBJNr.jpg,324248,,,,/gsTe3imhqgrLVFp1GPaH9QwLWII.jpg,tv,ja,[16],0.6906,,False,True,6.0,1,ケガレボシ,ケガレボシ,2026-01-06,['JP'],,,
False,/1fkuBPid72KGS6WmtkEXMftZtkE.jpg,875828,Peaky Blinders: The Immortal Man,Peaky Blinders: The Immortal Man,"After his estranged son gets embroiled in a Nazi plot, self-exiled gangster Tommy Shelby must return to Birmingham to save his family — and his nation.",/gRMalasZEzsZi4w2VFuYusfSfqf.jpg,movie,en,"[80, 18]",21.4747,2026-03-05,False,False,7.2,1044,,,,,,,
False,/gHJhN9AJV4PmJ7YpLFa9ldDWuG8.jpg,75006,,,"Reunited by their father's death, estranged siblings with extraordinary powers uncover shocking family secrets — and a looming threat to humanity.",/qhcwrnnCnN8NE1N6XXKHFmveJR9.jpg,tv,en,"[10759, 10765, 18]",24.9563,,False,True,8.473,9999,The Umbrella Academy,The Umbrella Academy,2019-02-15,['US'],,,
False,/jxQIjkJBTyZSxN3yyilpR0ns6HA.jpg,1327690,One Mile: Chapter Two,One Mile: Chapter Two,"Former special forces operative Danny is forced back onto a remote island when a violent, secretive community takes revenge by abducting his daughter Alex, launching a relentless hunt against enemies prepared for his every move.",/3sjc9qXXmQoUWKQ3qIjS1nZaUJy.jpg,movie,en,"[28, 80]",2.5561,2026-02-27,False,False,6.904,73,,,,,,,
False,/eOhBg0HGmpVatlg9EUgeuPszvfk.jpg,282158,,,"At the beginning of time, a mystical meteor came crashing down from outer space and scattered all over the world. A piece of it landed in the Eastern Continent. There were mysterious totems carved upon the meteor, and people gathered around it wanting to discover its usage. They discovered the Way, and established The Tradition. Several thousand years later, the fourteen years old orphan Chen Chang Shang left his master to cure his illness and change his fate. He brought a piece of marriage vow with him to the capital, thus began the journey of a rising hero.",/sWium7kPsnxVhKKTjyyIpzQJAcM.jpg,tv,zh,"[16, 10759, 10765]",6.9393,,False,True,8.0,1,Way of Choices,择天记,2026-01-31,['CN'],,,
False,/ppqchUaqXjyVpxbxoCmzY7aoAb7.jpg,240150,,,Four friends navigate college life and chaotic romances as they each find their hearts entangled with medical students across four unique stories.,/pXVftluKQpsG2QhjBKQJAkVlAUR.jpg,tv,th,"[35, 18]",14.9576,,False,True,8.1,22,Fourever You,เพราะรักนำทาง,2024-10-03,['TH'],,,
False,/aqq030HUpm2Ov4PpL006MaW5bw3.jpg,254498,,,"In 1997, a disappearance inside an elevator pulls detectives He Yuanhang and Ran Fangxu into a twisted mystery. Facing doubt and confusion along the way, they press on to uncover the truth. As time moves on, they heal from life's uncertainties, hold fast to justice, and rise above hardship with resilience and hope.",/99WXxvDozsh4YPZFGVJfErTgfUX.jpg,tv,zh,"[80, 9648]",5.8458,,False,True,7.7,6,Light to the Night,黑夜告白,2026-04-26,['CN'],,,
False,/eUERZRVjCTNdgnESlQxyaOJ2d4K.jpg,1584215,The Internship,The Internship,"A CIA-trained assassin recruits other graduates from her secret childhood program, The Internship, to violently destroy the organization. The CIA fights back with deadly force.",/fYqSOkix4rbDiZW0ACNnvZCpT6X.jpg,movie,en,[28],27.5262,2026-01-13,False,False,6.74,104,,,,,,,
False,/1gai54mpPozYCFCv1PlY94KPIvI.jpg,312588,,,"Song, a hot nerd and food researcher, arranged a one-night stand with a mysterious woman under a strict condition: no strings attached. However, the other party broke the terms, asking for an emotional connection. Song ended the steamy encounter and walked away.

But the world really is round. That woman turned out to be Piangrawin—the daughter of the president of the company where Song worked. And Piangrawin wasn’t letting go easily. She pursued her with puppy-like devotion, entangling Song's heart and routine with reckless charm. She even claimed she’d already named their future child.",/qcAnXu9nUJgtnesr6M12xAduJOz.jpg,tv,th,[18],11.5797,,False,True,10.0,2,Chasing Love,พี่เองก็ลำบาก,2026-05-29,['TH'],,,
False,/c18riMetjfxzaSwnylcAnyPgUm0.jpg,278635,,,"God created nine races in the ancient times. Humans were the weakest, most ridiculed race among them. Light, a human boy, was fortunate enough to be invited to join a party of all nine races called the ""Assembly of the Races."" He was happy being a member for a while, but that was a short dream. His hopes were only to be betrayed by his fellow members at the largest, most heinous dungeon ""Abyss."" After surviving by himself at the bottom of Abyss, Light learns the true meaning of his gift ""Unlimited Gacha."" Light will rise from the worst despair to build his own empire of the strongest players.",/8hhOcbDKJZvOD67N8GT0kdjNjd9.jpg,tv,ja,"[16, 10759, 10765, 18]",12.6357,,False,True,8.158,79,"My Gift Lvl 9999 Unlimited Gacha: Backstabbed in a Backwater Dungeon, I'm Out for Revenge!",信じていた仲間達にダンジョン奥地で殺されかけたがギフト『無限ガチャ』でレベル9999の仲間達を手に入れて元パーティーメンバーと世界に復讐＆『ざまぁ！』します！,2025-10-03,['JP'],,,
False,/h1INd1oy5YIkH4aSermOk3xwDsA.jpg,283952,,,"After years away from her family, Gu Jinzhao returns home and begins a remarkable transformation, from a carefree young woman into a poised and influential noble lady. As questions of marriage arise, she refuses to follow tradition and holds firmly to her own beliefs about love. But when multiple men enter her life, each offering a different future, who will Gu Jinzhao choose?",/qTNqnHvikP7aqGn5FVSIkFd1vIa.jpg,tv,zh,"[18, 10768]",5.1838,,False,True,9.4,8,A Splendid Match,良陈美锦,2026-05-03,['CN'],,,
False,/hYmHyUlJMQgeazELoHnORrEQ0vE.jpg,12786,,,"A Victorian-era Toronto detective uses then-cutting edge forensic techniques to solve crimes, with the assistance of a female coroner who is also struggling for recognition in the face of tradition, based on the books by Maureen Jennings.",/1S8gnT06MDkAmHmzDLSVughE0t0.jpg,tv,en,"[9648, 18]",44.9749,,False,True,7.7,291,Murdoch Mysteries,Murdoch Mysteries,2008-01-24,['CA'],,,
False,/pYNE1C8LkXLecSSxpLBkE8WkpTO.jpg,129412,,,"In this game show, the game changes every show! Players begin each round without knowing the rules -- and must figure them out while competing to win.",/mSU06C03StJL9xBVIGij9GoqKHt.jpg,tv,en,"[35, 10764]",11.0205,,False,True,8.089,45,Game Changer,Game Changer,2019-09-20,['US'],,,
False,/c3Q5Aho7FSGLaOwVEN50a7iqjPv.jpg,1690760,Capio,Capio,An amateur astronomer discovers a strange new star in the sky that leads him into the heart of a dark conspiracy to control humanity by exploiting its addiction to technology.,/9n3W3khjLbCmZobB4g8GudwMYMO.jpg,movie,en,"[53, 878]",1.5164,2025-11-12,False,False,7.0,2,,,,,,,
False,,58021,,,,,person,,,19.3022,,True,True,,,Tinto Brass,Tinto Brass,,,2.0,Directing,/adQ1j2FQ1FZ67hlZVhsUnALM4G4.jpg
False,/6maVNqV3az1oEOuwNfZnwIybJ5h.jpg,1472636,A Beautiful Day,Un bel giorno,"Tommaso, a single father of four, has shut himself off from the world. When his daughters push him to start over, he meets Lara — a brilliant, captivating woman. But both carry secrets that could change everything.",/yhUWRael6f2dprS0OCbFSMp53tE.jpg,movie,it,[35],4.8053,2026-03-05,False,False,6.015,67,,,,,,,
False,/ckJIqBfxSLvfCz1locEYWRonK1e.jpg,312384,,,The satirical panel show with a standup twist is back! Dara Ó Briain hosts as two teams of top comedians battle to poke fun at the week's news.,/tFNTdzP3obJEE33dQ0v69uauCKF.jpg,tv,en,"[35, 10767]",2.2568,,False,True,6.0,1,Mock the Week,Mock the Week,2026-02-01,['GB'],,,
False,/uNToXatdunyvWXyXMrTI1nLvh6r.jpg,1115544,Mike & Nick & Nick & Alice,Mike & Nick & Nick & Alice,"Two gangsters and the woman they love try to survive the most dangerous night of their lives. As if that wasn’t enough, there’s one wild ingredient added to the mix: a time machine.",/7F0jc75HrSkLVcvOXR2FXAIwuEv.jpg,movie,en,"[35, 878, 80]",18.7387,2026-03-14,False,False,6.685,375,,,,,,,
False,/sVxit4vKQZnrHejeQupBYadP22g.jpg,157239,,,"When the mysterious deep space research vessel USCSS Maginot crash-lands on Earth, Wendy and a ragtag group of tactical soldiers make a fateful discovery that puts them face-to-face with the planet's greatest threat.",/yueXS3q8BtoWekcHOATFHicLl3e.jpg,tv,en,"[10765, 18]",20.1418,,False,True,7.328,1048,Alien: Earth,Alien: Earth,2025-08-12,['US'],,,
False,/zeCuk7kwfhzRZMN2KoYTYODgpU3.jpg,1381027,Good Boy,Good Boy,"Tommy, a volatile 19-year-old, revels in drugs, parties and violence. After getting separated from his friends on a drunken bender, he is abducted by a shadowy figure. He wakes to find himself imprisoned in the basement of a remote Yorkshire house, inhabited by a very strange family. But what unfolds is not what he could possibly expect.",/cEXT4bXOrM0pqrK714NP3M69cWW.jpg,movie,en,"[53, 18, 9648]",9.3699,2026-03-06,False,False,7.194,126,,,,,,,
False,/z3bzhmC0CPikWeerUkLO73YvGrC.jpg,1084187,Pretty Lethal,Pretty Lethal,A troupe of ballerinas find themselves fighting for survival as they attempt to escape from a remote inn after their bus breaks down on the way to a dance competition.,/znTPnXCK3lEQJgqXCvP7e5FUz6f.jpg,movie,en,"[10402, 53, 28, 27]",52.142,2026-03-13,False,False,6.765,424,,,,,,,
False,/z7Ztshuabhj1WOevfBmjFDDsrfQ.jpg,1706695,UFC Fight Night 279: Kape vs. Horiguchi,UFC Fight Night 279: Kape vs. Horiguchi,"UFC Fight Night 279: Kape vs. Horiguchi was a mixed martial arts event produced by the Ultimate Fighting Championship that took place on June 20, 2026, at the Meta Apex in Enterprise, Nevada, part of the Las Vegas Valley, United States. A flyweight rematch between former RIZIN Bantamweight Champion Manel Kape and former UFC Flyweight Championship challenger Kyoji Horiguchi (who is also a former RIZIN Flyweight and two-time RIZIN Bantamweight Champion, as well as former Bellator Bantamweight World Champion) served as the event headliner.",/dzSXzixkU37ImA7dRPddxhPUWAR.jpg,movie,en,[28],0.6896,2026-06-20,False,True,0.0,0,,,,,,,
False,/sDUGZpt9qmzBIqtFKvgnGnfyBpw.jpg,1679791,M4M: Motive for Murder,M4M: Motive for Murder,"Hyderabad is on edge as a serial killer stages murders as famous paintings. ACP Krishna and journalist Radha investigate, uncovering links to a student and a principal, racing to stop the next planned killing.",/FcoRfDLRwiAcNCd5SmeDIIeea7.jpg,movie,te,"[80, 9648, 53]",27.5013,2026-05-07,False,False,0.0,0,,,,,,,
False,/c15Fg4jvclF5VjxCi1mtjUg4a6H.jpg,1254808,Nouvelle Vague,Nouvelle Vague,"After writing for Cahiers du cinéma, a young Jean-Luc Godard decides making films is the best film criticism. He convinces producer Georges de Beauregard to fund a low-budget feature, and creates a treatment with fellow New Wave filmmaker François Truffaut about a gangster couple. The result? Breathless, one of the first features of the Nouvelle Vague era of French cinema.",/362sw9w5t7opM9LR7eSCzkpItPd.jpg,movie,fr,"[35, 18, 36]",4.5476,2025-10-08,False,False,7.222,234,,,,,,,
False,/jgySLjw9ZDKbnGf0VlhlHT7iHSi.jpg,936245,Hidden Face,히든페이스,"Su-yeon, a cellist in an orchestra led by her fiancé and conductor Sung-jin, disappears one day, leaving behind only a video recording. Sung-jin is devasted over the loss of Su-yeon, but feels a strong attraction to Mi-ju, a cellist who fills in for his fiancée. Then one rainy night, Sung-jin and Mi-ju get swept away by their mutual desires for each other and commit an unforgivable act at Su-yeon's house.",/slRaAeEWbU8gM834X10qNhBhVIv.jpg,movie,ko,"[9648, 53]",10.871,2024-11-20,False,False,5.1,66,,,,,,,
False,/dNKFETDDujxm2PUN873Jwiw5VML.jpg,1232569,Pinocchio: Unstrung,Pinocchio: Unstrung,"Influenced by a sinister Cricket and created by Geppetto, Pinocchio launches a violent crusade to carve himself into a real boy like his brother James, one piece at a time.",/sqhfUrPEeAlFf684FsVa8v1GYCD.jpg,movie,en,"[27, 14, 9648]",9.0375,2026-07-23,False,False,0.0,0,,,,,,,
False,,2106,,,,,person,,,1.8023,,True,True,,,Walt Disney,Walt Disney,,,2.0,Production,/fnB3Yt4dPiVODHzfLwntISAvbhw.jpg
False,/vHvVt2Lovn4G6of9u3pHEQE2CxI.jpg,1323625,Night Patrol,Night Patrol,An L.A. cop discovers a local task force is hiding a secret that puts the residents of his childhood neighborhood in danger.,/rNqLzACU9ez2ehDalTFDPjZiC4G.jpg,movie,en,"[27, 9648, 28]",6.2933,2026-01-16,False,False,5.234,64,,,,,,,
False,/jzzpCJWkVZZwAxzzLmtYN0MBWFd.jpg,986097,HIM,HIM,"After suffering a potentially career-ending brain trauma, Cameron Cade receives a lifeline when his hero, legendary eight-time Championship quarterback and cultural megastar Isaiah White, offers to train Cam at Isaiah's isolated compound that he shares with his celebrity influencer wife. But as Cam's training accelerates, Isaiah's charisma begins to curdle into something darker.",/qPJzcYR2f1O1uynYBCVPPJuOiAH.jpg,movie,en,"[27, 9648]",6.7352,2025-09-18,False,False,5.6,403,,,,,,,
False,/2EsRplRfwXA6sX0SWWZPEjzcuWu.jpg,1426940,Above the Line,Above the Line,"Six struggling Hollywood hopefuls team up for the ultimate comeback: to rob the Academy Awards from the crooked producer who crushed their dreams. But in a town built on make-believe, pulling off the perfect heist might just be the role of their lives.",/gOC89NMH4vFcbtqwc7mx9EWxap1.jpg,movie,en,"[28, 35, 80, 18]",3.2538,2025-12-06,False,False,10.0,2,,,,,,,
False,/lHIfDwuhQcLVI8bncg2gXATgINz.jpg,299144,,,"No matter what your day brings, Rilakkuma—always by your side—is stepping out of the everyday and into a laid-back, expansive world of animation. A moment that makes your heart feel light and carefree. Wherever you are, whatever you’re doing, keep Rilakkuma close by. An exciting new story is about to unfold.",/yZHlb3AQl0tkJ2m0W6hSzRLxyV.jpg,tv,ja,"[16, 10762]",3.4734,,False,True,8.0,3,Rilakkuma,リラックマ,2026-04-04,['JP'],,,
False,/poZv0EfdKZC338UcuYNxNq172b1.jpg,261594,,,"To avenge her father, Shen Bingfan disguises herself to uncover the truth behind his unjust case. Along the way, she encounters the elusive ""Spirit Cat"" Hua Mange, the resourceful Cheng Xintian, and others who share her ideals. Together, this group of young individuals, driven by their mission, fearlessly tackles strange cases and gradually uncovers the truth to bring the traitor in.",/rQyWKf873dQkOo6Y6AtxpdVy1zk.jpg,tv,zh,"[10759, 18]",1.9957,,False,True,0.0,0,Angels and Guards,一念初见锦衣谣,2026-06-20,['CN'],,,
False,/tyfO9jHgkhypUFizRVYD0bytPjP.jpg,447273,Snow White,Snow White,"Following the benevolent King's disappearance, the Evil Queen dominated the once fair land with a cruel streak. Princess Snow White flees the castle when the Queen, in her jealousy over Snow White's inner beauty, tries to kill her. Deep into the dark woods, she stumbles upon seven magical dwarves and a young bandit named Jonathan. Together, they strive to survive the Queen's relentless pursuit and aspire to take back the kingdom.",/oLxWocqheC8XbXbxqJ3x422j9PW.jpg,movie,en,"[10751, 14]",15.2029,2025-03-19,False,False,4.3,1660,,,,,,,
False,,1510055,The Furious,The Furious: Pertaruhan Maruah,"When YouTuber-boxer Danial insults their late father's name, brothers Firdaus and Hakim reunite - one fighting for redemption, the other for revenge - in a battle that will decide not just who wins, but what remains of The Furious legacy.",/zeee0i2ccjreLQSSwrSJxrriNxA.jpg,movie,ms,"[28, 18]",1.1906,2026-05-28,False,False,6.0,1,,,,,,,
False,/thgemkoLauZxcqe6KX8wxqEc70z.jpg,1428862,Firebreak,Cortafuego,"Little Lide disappears in the forest while her family packs up their home. As a fire breaks out, her mother must race to reach her before the flames do.",/okbpjIlAspXYfkllAqjMRtWgoDj.jpg,movie,es,"[53, 18]",4.8619,2026-02-19,False,False,6.294,158,,,,,,,
False,/aY7zv2pfk9H0QxaaL3PBjvalbKQ.jpg,96677,,,"Inspired by the adventures of Arsène Lupin, gentleman thief Assane Diop sets out to avenge his father for an injustice inflicted by a wealthy family.",/h6Z2oogE4mJk2uffdtIlLhb0EHx.jpg,tv,fr,"[80, 18, 9648]",21.1377,,False,True,7.692,2588,Lupin,Lupin,2021-01-08,['FR'],,,
False,/jQmYRTt29hTNFGdNdwFVazOrDpO.jpg,68073,,,"Welcome to the Loud House, where life can get pretty crazy. One boy, TEN girls?! Lincoln Loud wouldn’t change it for the world!",/v0xMCeZIkgBUQtiije0IDc8ReHr.jpg,tv,en,"[16, 35, 10751, 10762, 9648]",32.4092,,False,True,7.8,564,The Loud House,The Loud House,2016-05-02,['US'],,,
False,/5WUsnqUm7xbY3oSwumSLfjyyax.jpg,199001,,,"When a tragedy disrupts her life, a teen moves in with her guardian's big family in a small town and learns new lessons about love, hope and friendship.",/jg3YdxDNlxay0NWTxgAPif647Hj.jpg,tv,en,[18],16.1847,,False,True,7.766,370,My Life with the Walter Boys,My Life with the Walter Boys,2023-12-07,['US'],,,
False,/dt75jPUtDiY7sZpQaNoFKv3zkv.jpg,133174,,,"Marilyn ""Madam"" DeVille is at the top of her game in the Atlanta nightclub industry, and she won't let anyone or anything stand her in way as she rules a crew of male exotic dancers.",/eXswCm8rvJUQbU89ihb0CQVJGpS.jpg,tv,en,[18],9.4695,,False,True,8.41,78,All the Queen's Men,All the Queen's Men,2021-09-09,['US'],,,
False,/i5c2Tvhn2mZWT43zdwHEliau58j.jpg,1254594,Omukade,โอมุคาเดะ,"Thailand, 1941 — a handful of Japanese soldiers and their prisoners are trapped in a cursed mine. As tensions between enemies reach a breaking point, they are forced to confront a terrifying, ancient monster lurking in the shadows.",/tSwMkZs3c2xbHN6Khxsq4ELOO1w.jpg,movie,th,"[27, 53, 10752]",2.9454,2026-01-22,False,False,5.5,2,,,,,,,
False,/qdVdWLUAj9Xxrx0OIT76gWVI4fg.jpg,2612,,,"Forty-foot waves, 700 pound crab pots, freezing temperatures and your mortality staring you in the face…it's all in a day's work for these modern day prospectors. During each episode we will watch crews race to meet their quota and make it home safely.",/aqF7wHfA2n89zbBqG6DLuDjrHut.jpg,tv,en,[10764],21.7094,,False,True,7.185,170,Deadliest Catch,Deadliest Catch,2005-04-12,['US'],,,
False,/xuesjsDedl4jrdKcFeDmtjP6ZXo.jpg,1117898,The Cat in the Hat,The Cat in the Hat,"Doing what he does best, the Cat spreads joy to kids in his hilarious, signature, and singularly irreverent way, transporting them and audiences on a fantastical journey through a world they've never seen before. Our hero takes on his toughest assignment yet for the I.I.I.I. (Institute for the Institution of Imagination and Inspiration, LLC) to cheer up Gabby and Sebastian, a pair of siblings struggling to move to a new town. Known for taking things too far, this could be this agent of chaos' last chance to prove himself...or lose his magical hat!",/mWN6knIVJ2o7eGwSm7mOgSCwNUc.jpg,movie,en,"[16, 35, 14, 12, 10751]",31.4518,2026-11-05,False,False,0.0,0,,,,,,,
False,/6D6rjrDkWSCWrtHRPUAmsZYswJX.jpg,1394496,O Velho Fusca,O Velho Fusca,,/i5b0YXx6fRlvj88SKcwLLS92595.jpg,movie,pt,"[35, 18]",1.7817,2026-03-19,False,False,7.2,2,,,,,,,
False,/jIWSOu3cwY4YuBwejq6b2xcqcRs.jpg,72976,,,A cohabitation of young men and women begin at Signal House where filled with rosy expectation of love and romance blooms. The “Predictors” with vast experiences in dating and love will detect potential lovers in the Signal House. The most exhilarating love game begins now.,/x15neeMjTYwwnzspAw7S8RMYSqq.jpg,tv,ko,[10764],4.8389,,False,True,6.6,8,Heart Signal,하트시그널,2017-06-02,['KR'],,,
False,/l1aCXD98hU9CrS19egLd6Sz8AyV.jpg,283647,,,"Five siblings face endless missions in this pure entertainment variety show. With a few screws loose, they embrace chaos in their search for sanity.",/fDR7bSOSCz6N6ouytg9LHtkEQTM.jpg,tv,ko,"[10764, 35]",3.199,,False,True,7.7,17,Screwballs,도라이버,2025-02-23,['KR'],,,
False,/paQMPDcFDbuHT5noXwJsmIflHYN.jpg,304597,,,"When his friend Wild Boar lands himself in hot water with organized crime, Zero and the gang unite to save him while barely coping with their own lives.",/ezu9oAG68yRoFRsx5qzb1yt5MMJ.jpg,tv,it,"[16, 35, 18]",5.638,,False,True,8.471,104,My 2 Cents,Due spicci,2026-05-27,['IT'],,,
False,/7NNNXo0qG2SqH4JoG7GPvJ2hzes.jpg,93740,,,Follow a band of exiles on their monumental journey to save humanity and rebuild civilization amid the fall of the Galactic Empire.,/tg9I5pOY4M9CKj8U0cxVBTsm5eh.jpg,tv,en,"[10765, 18]",39.9883,,False,True,7.712,1722,Foundation,Foundation,2021-09-23,['US'],,,
False,/wwARk7hRIfHfh2n2ubN6N7lvTne.jpg,710295,Wolf Man,Wolf Man,"With his marriage fraying, Blake persuades his wife Charlotte to take a break from the city and visit his remote childhood home in rural Oregon. As they arrive at the farmhouse in the dead of night, they're attacked by an unseen animal and barricade themselves inside the home as the creature prowls the perimeter. But as the night stretches on, Blake begins to behave strangely, transforming into something unrecognizable.",/wpSDzTBfF0Eeo5lzu2w9FTujGqd.jpg,movie,en,"[27, 53]",5.2652,2025-01-15,False,False,6.158,999,,,,,,,
False,/hGdTq9BX3DB2gwGGFMLTdipCBPk.jpg,93870,,,"The dramatised account of how the world’s greatest Special Forces unit, the SAS, was formed under extraordinary circumstances in the darkest days of World War Two.",/Tc1mRuP5QrGaetGKcitZkhTU9g.jpg,tv,en,"[18, 10768, 10759]",10.837,,False,True,7.756,197,SAS Rogue Heroes,SAS Rogue Heroes,2022-10-30,['GB'],,,
False,/3tRpP9hHP68ceDc20ldJSDPYcVD.jpg,1720282,Night of Champions 2026,Night of Champions 2026,"The 2026 Night of Champions, also promoted as Night of Champions: Riyadh, is a professional wrestling pay-per-view and livestreaming event produced by the American company WWE. It is the 12th Night of Champions in history and took place on Saturday, June 27, 2026.",/jPWp1JcSLLcnhjOTFU3iUeURxph.jpg,movie,en,"[28, 18]",2.2368,2026-06-27,False,False,4.0,1,,,,,,,
False,/AqAGgoAlvWGBVAlEvIXTvcETzVG.jpg,278158,,,A grieving student pursuing priesthood faces a crisis of faith when he falls for a troubled new classmate in a world ruled by strict dogma.,/2pPxVn4nK5KnJEx39xUHkYpmqXC.jpg,tv,th,[18],27.7886,,False,True,9.6,5,Ticket to Heaven,เด็กชายไม่ไปสวรรค์,2026-05-30,['TH'],,,
False,/3pJx6MzdvdWQACLTYQtDW3IgzV0.jpg,1588846,Ekis,Ekis,"Erik Matti’s classic Ekis gets a bold reboot with an all-girls ensemble led by Angela Morena, Cheena Dizon, and Aliya Raymundo. A crew of female thugs launches a kidnap-for-ransom plot, but when things go wrong, escaping the chaos becomes impossible.",/vuUvGqqGabV422qzjGWPlhRuvN0.jpg,movie,tl,[18],11.4427,2025-12-19,False,False,6.2,4,,,,,,,
False,/wEmB74chnrsSLMpgNEfBwMxhxbq.jpg,326042,,,"After learning of her sister's death, Jiang Yukui, the saintess of the Zhao Clan, embarks on a quest for revenge. Alongside the powerful Feng Ye, she becomes entangled in a dangerous struggle against a tyrannical ruler, only to uncover a shocking truth that changes everything she thought she knew about her family and destiny.",/szkKJpilpbXxHo76cIw7TNaT2CH.jpg,tv,zh,[18],4.7463,,False,True,0.0,0,Camellias,照殿花开,2026-06-23,['CN'],,,
False,/lUZ6ThctsCMee63Cu02F1F6rgC1.jpg,237529,,,"Tsukasa Akeuraji, a frustrated skater, meets Inori Yuitsuka, a girl who yearns to be a figure skater. Motivated by Inori's obsession on the rink, Tsukasa begins coaching Inori. Inori's talent blossoms, and Tsukasa becomes a brilliant mentor. Together they aim to make her a glorious medalist!",/hK5eKFaj99mZwpmILnvKehWe9t1.jpg,tv,ja,"[16, 18]",22.575,,False,True,8.3,54,Medalist,メダリスト,2025-01-05,['JP'],,,
False,/mKXSi5t9CKy0jDEWcGTuJnapu07.jpg,276609,,,Two families clash over societal and caste differences spurring a saga of revenge. All this happens when a love story goes wrong.,/AnWyFmAGQaUdi1kISvXqy20HHoR.jpg,tv,hi,[18],33.7265,,False,True,6.0,3,Thukra Ke Mera Pyaar,Thukra Ke Mera Pyaar,2024-11-22,['IN'],,,
False,/7UJ2rNqDTTw36b38KN2MpYhCm1r.jpg,125935,,,"In this workplace comedy, a group of dedicated, passionate teachers — and a slightly tone-deaf principal — are brought together in a Philadelphia public school where, despite the odds stacked against them, they are determined to help their students succeed in life. Though these incredible public servants may be outnumbered and underfunded, they love what they do — even if they don’t love the school district’s less-than-stellar attitude toward educating children.",/nBe1e3JJEZ6veGrVXNF0fRoLu56.jpg,tv,en,[35],26.7641,,False,True,7.458,298,Abbott Elementary,Abbott Elementary,2021-12-07,['US'],,,
False,/shXdGFZIEaSmiOkVW2BeEaPihuA.jpg,223564,,,"Rentaro Aijo was rejected 100 times in middle school. He visits a shrine and prays for better luck in high school. The God of Love appears and promises that he'll soon meet 100 people he's destined to date. But there's a catch—once destiny introduces someone to him, the two must happily love each other. If they don't, they'll die. What will befall Rentaro and his 100 girlfriends in high school?",/kBiPU7I7TEJdDXu8tHgVrgL5zAU.jpg,tv,ja,"[16, 35]",27.2552,,False,True,8.1,191,"The 100 Girlfriends Who Really, Really, Really, Really, REALLY Love You",君のことが大大大大大好きな100人の彼女,2023-10-08,['JP'],,,
False,/tldMHeR7UnihV5ffrxxM8cDhbtT.jpg,205715,,,"At America's only college for superheroes, gifted students put their moral boundaries to the test, competing for the university's top ranking, and a chance to join The Seven, Vought International's elite superhero team. When the school's dark secrets come to light, they must decide what kind of heroes they want to become.",/tEv842Nd5uMSavURG4aQO1pNtst.jpg,tv,en,"[10759, 18, 10765]",25.0377,,False,True,7.661,1506,Gen V,Gen V,2023-09-28,['US'],,,
False,/5yk3QwnQxzwKfhU1tlDkV2PSIBz.jpg,219246,,,"In Jeju, a spirited girl and a steadfast boy's island story blossoms into a lifelong tale of setbacks and triumphs — proving love endures across time.",/Afrz3QAcQcsT6w4S5wrKUxmYPWM.jpg,tv,ko,[18],29.0808,,False,True,8.8,543,When Life Gives You Tangerines,폭싹 속았수다,2025-03-07,['KR'],,,
False,/a600KQ3DdQUQl5LewN5imbL0BaF.jpg,39793,,,"Drama following the lives of a group of midwives working in the poverty-stricken East End of London during the 1950s, based on the best-selling memoirs of Jennifer Worth.",/b1p0nL00x563ACkcmGNIRP4ZnkA.jpg,tv,en,[18],40.005,,False,True,7.5,259,Call the Midwife,Call the Midwife,2012-01-15,['GB'],,,
False,/wbykOr1LrP463tXqIMH0wZPvMpz.jpg,1182861,Romería,Romería,"With her mother's diary in hand, Marina's search for official documents for university leads her to her biological family on the Atlantic coast. What starts as an administrative quest reveals long-buried family secrets.",/6Wo9z9dvy0ns1Q84OLEHXemRpeh.jpg,movie,es,[18],6.9597,2025-09-05,False,False,6.5,68,,,,,,,
False,/9HumTe8VKGfH6PSgfRxoDEPYzDK.jpg,157950,,,The brilliant and eclectic team of U.S. NCIS Agents and the Australian Federal Police (AFP) are grafted into a multi-national taskforce to keep naval crimes in check in the most contested patch of ocean on the planet.,/6dYDa6h1AOZ7iZ1zv3nlw7qhErX.jpg,tv,en,"[80, 18, 10759]",13.9825,,False,True,6.971,70,NCIS: Sydney,NCIS: Sydney,2023-11-10,['AU'],,,
False,/cCvv1BgiBJpwaMhXhnHD3zMde79.jpg,1686834,A Castle of Our Own,A Castle of Our Own,"When an overworked architect takes an unexpected summer trip, a sandcastle contest and a contractor help her reconnect with her daughter, rediscover joy, and find love she never saw coming.",/mW0iFbX9JFhR8yMd8Wnu9t5cpZn.jpg,movie,en,"[10749, 10770]",5.4724,2026-06-27,False,False,0.0,0,,,,,,,
False,/qjHTkQ3QUlw6sxkIhugqNYsRJnR.jpg,126506,,,"Smiling Friends Inc. is a small company whose main purpose is to bring happiness and make people smile. The series follows the day-to-day lives and misadventures of its representatives, the lazy, cynical Charlie, and the cheerful, optimistic Pim, as they try to cheer up and comfort the troubled people who call their company's hotline. They receive seemingly simple requests but the jobs turn out to be more complicated than they seem, making it difficult to bring happiness to the world.",/q3CSxl3G06MBc73TpHWwBYYTPxL.jpg,tv,en,"[16, 35, 10765]",28.459,,False,True,8.5,433,Smiling Friends,Smiling Friends,2020-04-01,['US'],,,
False,/uIpJPDNFoeX0TVml9smPrs9KUVx.jpg,574475,Final Destination Bloodlines,Final Destination Bloodlines,"Plagued by a violent recurring nightmare, college student Stefanie heads home to track down the one person who might be able to break the cycle and save her family from the grisly demise that inevitably awaits them all.",/6WxhEvFsauuACfv8HyoVX6mZKFj.jpg,movie,en,"[27, 9648]",19.1716,2025-05-14,False,False,7.0,2898,,,,,,,
False,/jXTZaHarR9TZiMoQwiQWsGYXqnS.jpg,82596,,,New passions. New fashions. New Emily? A plucky American marketing whiz spreads her wings in life and love after landing her dream job in Paris.,/c0bkO416OU7YGdOFktk45H8REgL.jpg,tv,en,"[18, 35]",25.0817,,False,True,7.567,1559,Emily in Paris,Emily in Paris,2020-10-02,['US'],,,
False,/vBdSOdG73c77uXKzUBOJsUg0KaG.jpg,1590206,The Hustler,Коммерсант,"Two up-and-coming friends, seeing themselves as the future elite of the new world, oligarchs, they sign up for a major deal, but it turns out that they have been drawn into a massive embezzlement scheme involving billions from the treasury. After his arrest, Andrei ends up in an overcrowded communal cell, a purgatory where he must transform himself into a different person in order to survive and return back to the real world, to his family.",/jOnhgog9iknampOOuz5bBRjYDy9.jpg,movie,ru,[18],1.435,2026-04-23,False,False,6.6,5,,,,,,,
False,/ygJ9BOiLwExwFdxQeZiiUA6TqME.jpg,83095,,,"Iwatani Naofumi, a run-of-the-mill otaku, finds a book in the library that summons him to another world. He is tasked with joining the sword, spear, and bow as one of the Four Cardinal Heroes and fighting the Waves of Catastrophe as the Shield Hero. Excited by the prospect of a grand adventure, Naofumi sets off with his party. However, merely a few days later, he is betrayed and loses all his money, dignity, and respect. Unable to trust anyone anymore, he employs a slave named Raphtalia and takes on the Waves and the world. But will he really find a way to overturn this desperate situation?",/yjq2n0agGJfmZQ9NpbYIhuBofcq.jpg,tv,ja,"[16, 10759, 10765, 18]",14.41,,False,True,8.5,1561,The Rising of the Shield Hero,盾の勇者の成り上がり,2019-01-09,['JP'],,,
False,/dAOEnb79mRPjQV1zVYlvImj5d4h.jpg,1718636,Sanctus House,Sanctus House,"Four college students venture to a storied haunted house over night. The goal is simple, obtain research for a paper they are writing on urban myths and legends. A caretaker, played by Richard Grieco, greets them and offers to share the tale of the home's tragic beginnings. As events unfold, the group starts to understand there's more to the stories.",/ium6rECjmJAxoEugNHQ9WJ6D0BZ.jpg,movie,en,[27],3.8076,2026-06-10,False,False,0.0,0,,,,,,,
False,/rXtSdCGmG07zjAg5h7GR1v52ogX.jpg,223530,,,"A young group of cadets come together to pursue a common dream of hope and optimism. Under the watchful and demanding eyes of their instructors, they will discover what it takes to become Starfleet officers as they navigate blossoming friendships, explosive rivalries, first loves and a new enemy that threatens both the Academy and the Federation itself.",/m4JnADIJkF5ck6jq7GUEcPBKxd0.jpg,tv,en,"[10765, 10759]",9.212,,False,True,5.568,205,Star Trek: Starfleet Academy,Star Trek: Starfleet Academy,2026-01-15,['US'],,,
False,/cX6dzeKsBTTXHoG3uQUuhQbqyvq.jpg,273160,,,"The world of high fashion turns dark when international supermodels begin dying in gruesome and mysterious ways. FBI Agents Cooper Madsen and Jordan Bennett are sent to Paris to uncover the truth. As they delve deeper into the case, they uncover a sexually transmitted virus that transforms ordinary people into visions of physical perfection, but with terrifying consequences.",/l6mtso50nTSvhYc3tc7xB7cYHmg.jpg,tv,en,"[18, 10765]",12.8176,,False,True,6.5,155,The Beauty,The Beauty,2026-01-21,['US'],,,
False,/1dqFuNiutgBdNF9d5QOQBWHHvft.jpg,1217602,London Calling,London Calling,"After fleeing the UK from a job gone wrong, a down on his luck hitman is forced to babysit the son of his new crime boss and show him how to become a man.",/cpQ4VxBJO7vGV3IUdKzSNf4tH9V.jpg,movie,en,"[28, 80, 35, 53]",3.726,2025-09-18,False,False,6.6,122,,,,,,,
False,/gMItMzDOyrfQGZsMWRM9tdxq5cV.jpg,1196067,Worldbreaker,Worldbreaker,"Five years ago, a tear in the fabric of reality brought creatures to our world from an alternate dimension bent on our destruction. A father hides his daughter on an island to keep her safe while he prepares her for survival and the battles to come. But when the world is about to break, no place is safe.",/ahj1JU8r0uJv7QII5Uj7tKzbEsC.jpg,movie,en,"[28, 27, 878]",18.6479,2025-10-30,False,False,6.037,228,,,,,,,
False,/6OK3XhunlgLkHmrqZfxqxpIoTft.jpg,1696236,Mareechika,మరీచిక,"Follows Venkata Laxmi, a village girl who claims Sanju has been murdered, and introduces Mareechika, a US-returned woman, into his life, leading to shifting relationships and a murder investigation.",/huPugRFCfwTrJSN09B5Z4BKssye.jpg,movie,te,"[10749, 53]",5.2009,2026-05-29,False,False,0.0,0,,,,,,,
False,/cMfokHWle5lfCreoV08cbmkKv6G.jpg,698687,Transformers One,Transformers One,"The untold origin story of Optimus Prime and Megatron, better known as sworn enemies, but once were friends bonded like brothers who changed the fate of Cybertron forever.",/iRCgqpdVE4wyLQvGYU3ZP7pAtUc.jpg,movie,en,"[16, 878, 12, 10751]",9.706,2024-09-11,False,False,7.969,1652,,,,,,,
False,/pJqAgDico7ZTMAfAXyzldYqj5ME.jpg,79166,,,A college student joins the local diving club after meeting some rowdy upperclassmen. New adventures in booze and the ocean await.,/ii1yrluzWisy1rygSKz8lJkAkil.jpg,tv,ja,"[16, 35]",26.1495,,False,True,7.713,178,Grand Blue Dreaming,ぐらんぶる,2018-07-14,['JP'],,,
False,/zZWUmov9JRISne15yyl939F9TkY.jpg,218493,,,"Sato is a high school boy in love with his best friend Hime, an unearthly beauty from another realm. So when she moves back to her home world to get married, Sato doesn’t think twice—he follows her and crashes the wedding. Then, after a kiss from Hime, he suddenly becomes the new groom! But here, Hime is a Ring Princess and her husband is destined to be the Ring King: a hero of immense power.",/mNuV7Jti0jYQh34OP2WdmhflTDQ.jpg,tv,ja,"[16, 10765, 18, 10759]",10.8214,,False,True,7.3,60,Tales of Wedding Rings,結婚指輪物語,2024-01-06,['JP'],,,
False,/9fOVK3e3SXQgkjPkCtEN5SRdpEg.jpg,70311,,,"After waking up, Mo Fan suddenly finds himself in a world where schools teach magic and monsters eat humans. However, his own situation hasn’t really changed that much. Labelled the loser of his school, he wants to afford a better life for his physical disabled sister, who is in a wheelchair, and his father. To make it possible, he took on the goal to become the best magician and to show everyone that one’s status in society is not important to achieve this.",/oX5KCyh5hwYmySGPMeFtleKu1Hi.jpg,tv,zh,"[35, 16, 10759, 10765]",28.4567,,False,True,7.408,49,Full-Time Magister,全职法师,2016-09-02,['CN'],,,
False,/q5mJ4oKfGc6Cr9reIHFzD0pQzre.jpg,200709,,,"With the aid of unexpected friends, a gifted but introverted student confronts bullies and violent foes — unaware of how dangerous his world will become.",/5Sd01WeraL2oA3Vv6O4rcRxockn.jpg,tv,ko,"[10759, 18]",77.7595,,False,True,8.714,467,Weak Hero,약한영웅,2022-11-18,['KR'],,,
False,/fcNno43tiFnaycu1mO9TqfbPL45.jpg,938150,Wardriver,Wardriver,"He’s a Wardriver: a hacker who steals from banks, not people—until he’s noticed. Now the money turns violent, and the woman caught in it could save him or kill them both.",/rBZA12Hf4yZZgud6iPuFU49L7zk.jpg,movie,en,"[53, 80]",4.612,2026-03-04,False,False,7.3,77,,,,,,,
False,/AvMub4XZABMznZBn7W5fot7ghDS.jpg,1326891,Ananthan Kaadu,അനന്തൻ കാട്,"This is a tale, which almost became a true story. It unfolds in the late Eighties and early Nineties, when the country was going through a dark phase both politically and socially a time when turmoil was writ all over the political scape of the nation.",/a8Ut1fkbqvolWfEIl8Voa1oUsDG.jpg,movie,ml,"[28, 53]",3.7872,2026-06-25,False,False,4.0,1,,,,,,,
False,/xPNDRM50a58uvv1il2GVZrtWjkZ.jpg,575265,Mission: Impossible - The Final Reckoning,Mission: Impossible - The Final Reckoning,"Ethan Hunt and team continue their search for the terrifying AI known as the Entity — which has infiltrated intelligence networks all over the globe — with the world's governments and a mysterious ghost from Hunt's past on their trail. Joined by new allies and armed with the means to shut the Entity down for good, Hunt is in a race against time to prevent the world as we know it from changing forever.",/z53D72EAOxGRqdr7KXXWp9dJiDe.jpg,movie,en,"[28, 53, 12]",26.944,2025-05-17,False,False,7.169,2889,,,,,,,
False,/gwD2auEzFOwGddfFDujwxYMwWy9.jpg,1497464,Gatto,Gatto,"After years of maneuvering the canal-ridden, superstitious city, a black cat named Nero begins to question whether he’s lived the right lives. Indebted to a local feline mob boss, Nero finds himself in a quandary and is forced to forge a truly unexpected friendship that may finally lead him to his purpose—unless Venice gets the better of him first.",/bgt6dSrwkJCMqdKWRpN4ZTAd1kL.jpg,movie,en,"[16, 35, 80, 10751]",5.7308,2027-03-03,False,False,0.0,0,,,,,,,
False,/Q7AZOhmO9NGO6WRzu0uKh2dbWO.jpg,98123,,,"As a cultivation genius who has achieved a new realm every two years since he was a year old, Wang Ling is a near-invincible existence with prowess far beyond his control. But now that he’s sixteen, he faces his greatest battle yet – Senior High School. With one challenge after another popping up, his plans for a low-key high school life seem further and further away…",/7By0jV3kf9MVvv3X3K8u4mhRUwp.jpg,tv,zh,"[16, 35, 10759, 10765]",27.985,,False,True,8.317,704,The Daily Life of the Immortal King,仙王的日常生活,2020-01-18,['CN'],,,
False,/o1R5sH8FWHkLey81ghMhqOWHgxN.jpg,309828,,,,/zKoEOX7MH3XauyKFWi91PzMDqyU.jpg,tv,ko,[10764],3.7262,,False,True,0.0,0,Match to Marry: With Parents,자식방생프로젝트 합숙 맞선,2026-01-01,['KR'],,,
False,/5nmg2cEZxA09VyDvioAuqd5jOW0.jpg,258348,,,"One of the Lords of Dark Beasts, Clevatess’s reign shatters when he revives a hero he personally slayed and adopts an orphaned humanoid baby—the last hope to save a dying world. Now bound together, what fate awaits this unlikely trio?",/7sWrMBhOS1x4RUCr3o2I4ld13fq.jpg,tv,ja,"[16, 10759, 10765]",7.9081,,False,True,8.0,84,Clevatess,クレバテス-魔獣の王と赤子と屍の勇者,2025-07-02,['JP'],,,
False,,5748284,,,,,person,,,0.8463,,True,True,,,桃乃木香奈,桃乃木香奈,,,1.0,,/by5zJpbvpCJnR6Fmga0wcmmaGvV.jpg
False,/3xKJ0nyUTlySmMBCpOcsuSnFPI1.jpg,1232546,Until Dawn,Until Dawn,"One year after her sister Melanie mysteriously disappeared, Clover and her friends head into the remote valley where she vanished in search of answers. Exploring an abandoned visitor center, they find themselves stalked by a masked killer and horrifically murdered one by one...only to wake up and find themselves back at the beginning of the same evening.",/bLY5yN4MKVynZ2HMZWElTOGBgBe.jpg,movie,en,"[27, 9648]",8.2386,2025-04-23,False,False,6.275,1455,,,,,,,
False,/9gBWv7nDp1oiB9GqNk14ajZ8IG7.jpg,1428857,On the Hunt,On the Hunt,A former military woman takes on a ruthless criminal underworld in a race against time to find her missing daughter.,/gkscqnZZrCT5lLsniw1KNL9iiJ0.jpg,movie,en,"[28, 53]",3.4521,2026-02-27,False,False,4.5,14,,,,,,,
