adult,backdrop_path,genre_ids,id,origin_country,original_language,original_name,overview,popularity,poster_path,first_air_date,softcore,name,vote_average,vote_count
False,/tabwEBeMWaWH7Q7B2WR0M9VkD4j.jpg,[10767],203299,['US'],en,A Captain's Log,"A Journalistic news source and interview TV Talk show beaming down the latest Star Trek news and views from all the ships crews. A Captain's Log guides viewers through this side of our galaxy's quadrant with a splash of knowledge in our top 10 lists and interviews. Looking through Roddenberry's Star Trek universe and beyond in this half hour scoop at warp power, host Bryan Kreutz, his co-host Lili Fox-Lim steer viewers into a knowledge-based trek of Klingon language all the way through full interviews with guests the fans want to hear from. Bryan and Lili are accompanied by an animated alter ego named Rogg to humor viewers with relevant Star Trek news and views. From a Starfleet ambassador's point of view, as Ambassador to the fan's, Bryan Kreutz hands over the conn to his animated android counterpart's perspective ranging from logical knowledge to unknowns in Star Trek's Past, present, and beyond.",3.6114,/bfTOLCaIPt0nxgXLCrsvhBR7DlW.jpg,2021-06-30,False,A Captain's Log,7.5,2
False,/9oFAvcW2HPumSTUIXv6uEGYiKsK.jpg,"[16, 10765]",308874,['JP'],ja,乙女怪獣キャラメリゼ,"Kuroe Akaishi just wants a normal high school life—but that's impossible with a rare condition that turns her into a giant kaiju whenever her emotions spike! Things get even worse when she falls for Arata Minami, the most popular boy in class. Now every blush, heartbeat, and crush could trigger a monster transformation. Can Kuroe survive high school love before it destroys everything around her?!",3.5428,/zO0vipu5gWi4qV0ARhFkCJWLZDJ.jpg,2026-07-03,False,KAIJU GIRL CARAMELISE,0.0,0
False,/hhameAydSKc3kFEmWXGbIqJwALQ.jpg,"[10764, 10751]",78732,['NO'],no,Sommerhytta,"Four families will realize their cabin dream. In just a few square meters they will create their own summer paradise, which they may end up winning after ten weeks have passed.",3.507,/8fWTsukYihkT4yoxEQmlgaIoKIY.jpg,2017-01-02,False,Sommerhytta,6.0,1
False,,"[16, 10759, 10765]",287075,['JP'],ja,魔法少女リリカルなのは EXCEEDS Gun Blaze Vengeance,New anime production to celebrate the 20th anniversary of Magical Girl Lyrical Nanoha. Set after the events of Magical Girl Lyrical Nanoha: Detonation.,3.484,/6FTC8b0V0xdCQrT4929HPdPnoYo.jpg,2026-07-05,False,Magical Girl Lyrical NANOHA EXCEEDS Gun Blaze Vengeance,0.0,0
False,/wE6UAEx2vxCAzi1LvMMsSPNa9PE.jpg,[18],312794,['IN'],hi,School Friends Class of 2026,"The final year. The highest stakes. And a friendship that refuses to fade. School Friends: Class of 2026 is a high-energy high school drama where three best friends step into their last year expecting memories… and walk into a world of rising pressure, shifting equations, and emotions that hit harder than any exam. Expect friendship, first love, rivalry, heartbreak, ambition, and that unstoppable “us vs the world” spirit. It’s messy. It’s funny. It’s painfully real. And when everything starts testing them, they’ll have to decide what they’re fighting for… and who they’re fighting with.",3.4834,/iV0mgV15Sxgwmb6lvhrTMUjHJZR.jpg,2026-01-01,False,School Friends Class of 2026,0.0,0
False,/lHIfDwuhQcLVI8bncg2gXATgINz.jpg,"[16, 10762]",299144,['JP'],ja,リラックマ,"No matter what your day brings, Rilakkuma—always by your side—is stepping out of the everyday and into a laid-back, expansive world of animation. A moment that makes your heart feel light and carefree. Wherever you are, whatever you’re doing, keep Rilakkuma close by. An exciting new story is about to unfold.",3.4734,/yZHlb3AQl0tkJ2m0W6hSzRLxyV.jpg,2026-04-04,False,Rilakkuma,8.0,3
False,/8cf9fUr6DFrR611BDZtomvPSYjU.jpg,[10767],124598,['NL'],nl,De Oranjezomer,,3.3928,/voEykG0wFZspO183urO68DbiAkT.jpg,2021-06-10,False,De Oranjezomer,2.5,6
False,/stdEajhNVObZIX1mviGZZUvlMKF.jpg,"[35, 10764]",219341,['AU'],en,Taskmaster,Tough-love Taskmaster Tom Gleeson and his trusty assistant Tom Cashman put a batch of Aussie battlers through their paces!,3.3718,/hi4DwxzvtJ7xMbKxQw7REB4YOYb.jpg,2023-02-02,False,Taskmaster,6.9,19
False,/w2mfhH1Ymx15m0CKaHaUtXLSIJm.jpg,[10763],17737,['BR'],pt,Jornal Hoje,Jornal Hoje is a news program aired by the Brazilian television broadcaster Rede Globo; the program is broadcast in the early afternoon each day from Monday to Saturday and following Globo Esporte and before Vídeo Show. It is presented jointly by Sandra Annenberg and Evaristo Costa.,3.3485,/y9w72Qqi1PAokF0TObD04ediuPw.jpg,1971-04-21,False,Jornal Hoje,7.0,1
False,/bAjLDyTh0eFv2fC8YSfthFHqf39.jpg,[99],127616,['DE'],de,42 - Die Antwort auf fast alles,"What would we be without mucus? Can we live on water? How much does life weigh? Finding out the answers is the aim of ARTE's new science show. In a nod to Douglas Adams's ""Hitchhiker's Guide to the Galaxy"", where the figure 42 is the ultimate answer to all questions, 42 tries to provide the answers.",3.3426,/tU6TbNztkTXyH69qT6QKxKRUCEX.jpg,2021-09-04,False,42: The Answer to Almost Everything,9.6,5
False,/ISJv5bCeFtXc3Si5OBPHkPdWmi.jpg,[99],77594,['JP'],en,Japan Railway Journal,"Discover the secrets of Japan's railways, from the newest technologies and systems in use, to travel tips and must-see places.",3.3374,/p6CbYkUQxsdp5FUyzFvh5twXZRQ.jpg,2015-03-09,False,Japan Railway Journal,8.0,2
False,/9e0I0ubmlvaeKKp6AlHjPyBTjmg.jpg,"[16, 10759, 18, 10765, 35]",315088,['CN'],zh,盗妖行,"Due to a marriage arranged for the purpose of benefit exchange, Jiang Yuan, an assassin from the Taixuan Building, and Shao Yue, the holy daughter of the Jiuxuan Sect, were ordered to get married. The two initiated an assassination on their wedding night, only to discover that they were both immortal. In order to obtain the secret treasures of the other sect, the Demon Suppressing Bell and the Demon Suppressing Bell, the two turned from mortal enemies into ostensible spouses, feigning harmony. However, the two were unaware that the other was also an alien survivor whose homeland had been destroyed by ""Nihility"". This pair of fated lovers formed an alliance amidst vigilance and probing, not only to search for the secret treasure formed from the lost spaceship, but also to confront the entire cultivation world that was eyeing them covetously, seeking hope to defeat ""Nihility"" amidst peril.",3.3319,/4l4LfiTnQkyWW5Lzh59cOsTBnXl.jpg,2026-03-03,False,Aliens Among Immortals,7.0,1
False,/8fcBg48fEEkaFreYmHZ3mAciLC.jpg,[18],325311,['IN'],bn,Queens,"The Sarkar empire was the only thing blocking Nilmoni Mishra from absolute power. His answer? A brutal wedding night massacre. Now, four grieving widows inherit a legacy of blood and enemies. Led by Meera, pregnant and fierce, they choose vengeance over tears. Blood will answer blood.",3.3262,/dz20pemFyWEUpsAdcTjZwjw1nVO.jpg,2026-06-12,False,Queens,0.0,0
False,,"[16, 10762]",312123,['JP'],ja,おねがいアイプリ,New entry in the Pretty Series.,3.3223,/jLmoLyNogj8EoZoX263391UYHS.jpg,2026-04-05,False,Onegai AiPri,7.0,1
False,/xybAeeX4Sf6PYIEIfLngN1oOk2u.jpg,[18],287027,"['DE', 'AT', 'CZ']",de,"Ein Ort, der sich Zuhause nennt",,3.2982,,2026-07-01,False,"Ein Ort, der sich Zuhause nennt",0.0,0
False,/vGjgCOv9Ac2UvohcqfcqFJ8TKT3.jpg,[10764],279644,['US'],en,Baylen Out Loud,"Follow the journey of Baylen Dupree, a young woman living with Tourette Syndrome. Despite her daily challenges, Baylen, her family, and long-term boyfriend aren't afraid to laugh and embrace the chaos that makes their everyday lives unique.",3.2842,/aAMITid8hFFytKmdeh3eSNbCJDA.jpg,2025-01-13,False,Baylen Out Loud,8.7,6
False,/vwzQHz8Q8DsBTDkDwL4ob1qSHCY.jpg,"[10762, 10764]",321344,['BE'],nl,Maestro Fortissimo,,3.2536,/52WamglJ2aLncbLJq4O9GtcaaR2.jpg,2026-05-02,False,Maestro Fortissimo,0.0,0
False,,"[16, 35]",287028,['JP'],ja,これ描いて死ね,"Ai Yasumi, a first-year high schooler living on the remote island of Izu Ōshima, has one obsession: manga. When she discovers that her long-idolized but reclusive favorite manga creator, Yasuno-sensei, will make a rare appearance at Comitia, Ai doesn't hesitate—she has to meet her hero. But that single decision sets off a chain of encounters that will shatter her assumptions about art, genius, and what it truly means to create.",3.2498,/wyNF7ZhfyOihNwLponoegKK7xQQ.jpg,2026-07-03,False,"Draw This, Then Die!",0.0,0
False,/wPylnk4oS4eDzKoQaTEDwmFnq5D.jpg,"[35, 10763]",129601,['AU'],en,The Cheap Seats,"Major news stories, not-so-major news stories, stories involving cats, entertainment, sport and viral videos, it’s a Reader's Digest of world events for a generation who simply don’t want to read.",3.2404,/8EybSqCIT5wWB9Xfs6tih6HJiJn.jpg,2021-07-20,False,The Cheap Seats,7.6,5
False,/4ei68OmZr0XHnN82OjiV8GBqfyN.jpg,"[16, 35, 10765]",312949,['JP'],ja,ヤニねこ,"Yani is a catgirl with a seriously bad smoking habit. She smokes so much that her apartment smells like ash and is littered with cigarette butts—and plenty of other trash! Every time she tries to quit, she becomes weak to the cravings and gives in almost instantly. Will she ever get her life together, or is she doomed to live as a chainsmoking slob forever?",3.2346,/kqeKlSd7o9BCbTraZsDnksRSfxm.jpg,2026-07-03,False,Chainsmoker Cat,0.0,0
False,,[],116050,['DE'],de,Immer wieder sonntags,,2.6664,,1995-06-11,False,Immer wieder sonntags,0.0,0
False,/zMeQ8TIAERHZeYlzZHwW0QytTDY.jpg,[18],301323,['GR'],el,Το Σπίτι Δίπλα στο Ποτάμι,"""The House by the River"" unravels the thread of the lives of five siblings who grew up in a place where time flowed alongside the waters of the river, full of dreams and anticipation.",2.9147,/BAilcXwY7LnhTEoXQFUA4l14se.jpg,2025-09-22,False,The House Next to the River,0.0,0
False,/wjaThWxAtnBC2wB9HOrdfOFZbfT.jpg,[35],111851,['NO'],no,Familien Lykke,Follow this cheerful family as they navigate the struggles of everyday life.,2.1915,/opljuYnTrN7rUup83wCjGXQ0A4y.jpg,2020-10-31,False,Familien Lykke,4.3,3
False,/gAOkgrgEmA29K42MZuSEvhVvBfZ.jpg,"[80, 99]",206593,['US'],en,Dateline: Unforgettable,"A series of reports chosen by ""Dateline"" correspondents that answers the question they most often get asked — what their most memorable story is and why.",2.9967,/ib7C7pvMvsxk8l4EjUsiUNqWTl1.jpg,2021-03-08,False,Dateline: Unforgettable,7.0,1
False,/xdh5oprFaNxFmJENnofndR4LJxt.jpg,[35],132223,['SI'],sl,"Ja, chef!","Jurij Zrnec stepped into the slippers of Chef, the culinary magician of endless talents, even bigger ego and the owner of the best restaurant in Ljubljana, Chateau de Philippe, Ljubomir Bohinc. In anger, Chef can be scary, invincible in entertainment, and royal in forgiveness - especially when it comes to his own mistakes. There are a lot of people underneath, each with their own story. There are often fun situations between them, from which they escape as they know how. Ljubo (as only the bravest call him) has a large team of frightened chefs, cunning helpers, an introverted confectioner, an extremely efficient restaurant manager, fast waiters and a terribly slow bartender.",2.8456,/bcJQg3IyvpdhHMNoCIH2nz8Hq3n.jpg,2021-06-17,False,"Yes, Chef!",9.0,2
False,/hBp05yx8KKviyHZS5XpJnMsupkb.jpg,"[16, 35]",320598,['CN'],zh,开拍啦！怪兽大电影,"Following a decline in the amount of monster movies created, Meng Qi, a director who is obsessed with the monster movie genre, becomes unsure about his persistence—he never expected that one day an actual monster would appear in front of him! In order to fulfill his dream, Meng Qi decides to cooperate with the demon girl Liya and help her shoot a demon themed movie. However, as the shooting progresses, Meng Qi discovers that things in the other world are closely related to him...",2.6363,/a8DLcMDcNDx31cKderfdGbKLBHk.jpg,2026-04-24,False,Action Monster Big Movie,0.0,0
False,/9iIn8KrkJi2wmxGqE2aYOV4JvhV.jpg,"[10764, 99]",325828,['KR'],ko,도깨비 10주년 여행,"Ten years after Goblin, Gong Yoo, Lee Dong-wook, Kim Go-eun, and Yoo In-na reunite for a special journey, revisiting iconic locations from the drama and sharing memories, stories, and reflections on one of Korea's most beloved series.",4.0905,/dJGjOMZUFSKtn4MZjscWMvvkaKv.jpg,2026-07-04,False,Guardian: The Lonely and Great God 10th Anniversary,0.0,0
False,/qLcB05relxI8uR1d10Cc0IeQGQk.jpg,"[10764, 80]",294242,['US'],en,Squatters,Self-styled “Squatter Hunter” Flash Shelton crisscrosses the country deploying savvy legal maneuvers — and a whole lot of nerve — to help desperate homeowners reclaim properties seized by unwelcome occupants.,2.5329,/2itRsBuJ5BGrDhjbHX77tsAAqDC.jpg,2025-07-01,False,Squatters,4.0,1
False,,"[16, 10759, 10765]",287075,['JP'],ja,魔法少女リリカルなのは EXCEEDS Gun Blaze Vengeance,New anime production to celebrate the 20th anniversary of Magical Girl Lyrical Nanoha. Set after the events of Magical Girl Lyrical Nanoha: Detonation.,3.484,/6FTC8b0V0xdCQrT4929HPdPnoYo.jpg,2026-07-05,False,Magical Girl Lyrical NANOHA EXCEEDS Gun Blaze Vengeance,0.0,0
False,,[10764],86297,['DE'],de,Der Bachelor,"German adaptation of the reality dating series ""The Bachelor"".",2.2962,/zW4pYv3ZPWgQDZJ7eNpXhB60ZNJ.jpg,2003-11-19,False,Der Bachelor,7.7,3
False,/9oFAvcW2HPumSTUIXv6uEGYiKsK.jpg,"[16, 10765]",308874,['JP'],ja,乙女怪獣キャラメリゼ,"Kuroe Akaishi just wants a normal high school life—but that's impossible with a rare condition that turns her into a giant kaiju whenever her emotions spike! Things get even worse when she falls for Arata Minami, the most popular boy in class. Now every blush, heartbeat, and crush could trigger a monster transformation. Can Kuroe survive high school love before it destroys everything around her?!",3.5428,/zO0vipu5gWi4qV0ARhFkCJWLZDJ.jpg,2026-07-03,False,KAIJU GIRL CARAMELISE,0.0,0
False,/jaUpvbfSQLFoKFILz8F7CgzZKaO.jpg,[10764],155435,['NL'],nl,Hooligirls,The Hooligirls have their own channel! Welcome to the place where you will give them everything. No challenge is too much! Who will win the top prize of the season? Check it out here every Tuesday for a new episode of Hooligirls!,2.2307,/jJCZCYfS4rsPVx0HlCfAQCzW4JQ.jpg,2018-06-22,False,Hooligirls,8.0,1
False,/qeCpAgWJj623pPFsuZzHlRqILPt.jpg,"[10764, 10762]",93530,['ES'],es,La voz kids,,2.7806,/sdSLwTF5IxouzZdRuNWOllPVmvv.jpg,2014-02-06,False,La voz kids,7.0,7
False,/vGjgCOv9Ac2UvohcqfcqFJ8TKT3.jpg,[10764],279644,['US'],en,Baylen Out Loud,"Follow the journey of Baylen Dupree, a young woman living with Tourette Syndrome. Despite her daily challenges, Baylen, her family, and long-term boyfriend aren't afraid to laugh and embrace the chaos that makes their everyday lives unique.",3.2842,/aAMITid8hFFytKmdeh3eSNbCJDA.jpg,2025-01-13,False,Baylen Out Loud,8.7,6
False,,"[16, 35]",302824,['JP'],ja,レッツゴー怪奇組,,2.2575,/tXMNuSJmoOhRrdGyo5TI1hiEvSM.jpg,2026-07-05,False,Let's Go Kaikigumi,0.0,0
False,,[99],325965,['BR'],fr,Várzea: Onde Nasce o Futebol,,2.8898,/lfxCyJYpZ8TG2CQDuot0tLINbyg.jpg,2026-06-20,False,Várzea: Onde Nasce o Futebol,0.0,0
False,/bAjLDyTh0eFv2fC8YSfthFHqf39.jpg,[99],127616,['DE'],de,42 - Die Antwort auf fast alles,"What would we be without mucus? Can we live on water? How much does life weigh? Finding out the answers is the aim of ARTE's new science show. In a nod to Douglas Adams's ""Hitchhiker's Guide to the Galaxy"", where the figure 42 is the ultimate answer to all questions, 42 tries to provide the answers.",3.3426,/tU6TbNztkTXyH69qT6QKxKRUCEX.jpg,2021-09-04,False,42: The Answer to Almost Everything,9.6,5
False,/xyrRmzAhsrfT9ek2kVKIaSdVUSr.jpg,"[18, 10765]",305079,['TW'],zh,轉過頭，幫你擦眼淚,"After a tragic accident tears them apart, a cheerful student finds healing and unexpected love through the boy who stayed beside him.",3.085,/u2sZJdTXnBAuv6w51jfudN5PuLj.jpg,2026-05-20,False,Smile After Tears,7.5,2
False,/ApFBja7TA6fLLBg3VJt05ChfiNU.jpg,[99],99406,['JP'],en,Train Cruise,"Criss-cross Japan by rail. Enjoy an amazing diversity of nature and scenery across the four seasons, exploring both well-known and hidden Japan.",2.3909,/uZ52Lr87Nu7tZ5da6ag7ysxWZB6.jpg,2013-05-25,False,Train Cruise,0.0,0
False,,[99],223270,['DE'],de,Handwerkskunst!,,2.2927,/a9zaFVQW7bhLWvjnCe6p8YpK5TC.jpg,2015-10-16,False,Handwerkskunst!,0.0,0
False,,[99],325965,['BR'],fr,Várzea: Onde Nasce o Futebol,,2.8898,/lfxCyJYpZ8TG2CQDuot0tLINbyg.jpg,2026-06-20,False,Várzea: Onde Nasce o Futebol,0.0,0
False,/bAjLDyTh0eFv2fC8YSfthFHqf39.jpg,[99],127616,['DE'],de,42 - Die Antwort auf fast alles,"What would we be without mucus? Can we live on water? How much does life weigh? Finding out the answers is the aim of ARTE's new science show. In a nod to Douglas Adams's ""Hitchhiker's Guide to the Galaxy"", where the figure 42 is the ultimate answer to all questions, 42 tries to provide the answers.",3.3426,/tU6TbNztkTXyH69qT6QKxKRUCEX.jpg,2021-09-04,False,42: The Answer to Almost Everything,9.6,5
False,/xyrRmzAhsrfT9ek2kVKIaSdVUSr.jpg,"[18, 10765]",305079,['TW'],zh,轉過頭，幫你擦眼淚,"After a tragic accident tears them apart, a cheerful student finds healing and unexpected love through the boy who stayed beside him.",3.085,/u2sZJdTXnBAuv6w51jfudN5PuLj.jpg,2026-05-20,False,Smile After Tears,7.5,2
False,/ApFBja7TA6fLLBg3VJt05ChfiNU.jpg,[99],99406,['JP'],en,Train Cruise,"Criss-cross Japan by rail. Enjoy an amazing diversity of nature and scenery across the four seasons, exploring both well-known and hidden Japan.",2.3909,/uZ52Lr87Nu7tZ5da6ag7ysxWZB6.jpg,2013-05-25,False,Train Cruise,0.0,0
False,,[99],223270,['DE'],de,Handwerkskunst!,,2.2927,/a9zaFVQW7bhLWvjnCe6p8YpK5TC.jpg,2015-10-16,False,Handwerkskunst!,0.0,0
False,/xybAeeX4Sf6PYIEIfLngN1oOk2u.jpg,[18],287027,"['DE', 'AT', 'CZ']",de,"Ein Ort, der sich Zuhause nennt",,3.2982,,2026-07-01,False,"Ein Ort, der sich Zuhause nennt",0.0,0
False,/asObI5BixnoumvMG93EOuUsdwZh.jpg,[18],300074,['TH'],th,แสงดาวแสงศรัทธา,"During Thailand’s 1976 crackdown, a fugitive student finds love with a guerrilla fighter while battling for freedom and survival.",3.0932,/6Mp3Ghb3jqowl2WU5YjrzHHGGuk.jpg,2026-06-25,False,When Light Fades,0.0,0
False,/cAxdBFAywnoN3cw7CzzGScw59nn.jpg,"[16, 35, 10759, 10762]",128718,['FR'],fr,"Gus, le chevalier minus","Once upon a time, there was a little boy, Gus, who wanted to become a great knight. Sorry, not a great knight… The Greatest knight in the whole kingdom of Karamel. Wielding with his laser sword, mounted on his electric pony, Gus never misses an opportunity to go on an adventure to accomplish all his missions.

The problem is, Gus is… ITSY BITSY! He stands three apples high, to be precise, but has a heart the size of a house! Gus will prove to one and all that a brave heart can overcome everything, and that there’s no greater cavalier than Gus, the itsy bitsy knight!",3.0606,/ahB6ENxCgZTHUXMspuk1Q8YHLnA.jpg,2021-07-22,False,Gus the Itsy-Bitsy Knight,7.3,3
False,,[18],310905,['PH'],tl,"Love, Siargao","It follows Jao and Kara, two strangers bitten by different versions of this curse, whose clashing principles lead them through the highs and lows of a modern romance that forever changes their destinies.",2.5987,/4PogcHaBRrJHW6vyd3Y9pZL9iNQ.jpg,2026-06-26,False,"Love, Siargao",0.0,0
False,/bxH7TRRMNJnNQWYSbGkth1hCzkJ.jpg,"[16, 35]",296101,['JP'],ja,グロウアップショウ ～ひまわりのサーカス団～,"The story is set in the late 1950s and early 1960s, during the height of Japan's economic boom, when the circus is a major form of entertainment. Different circus troupes travel throughout Japan to perform and compete for a chance to participate in the world-renowned festival called ""Circus Collection."" One troupe called the ""Sunflower Circus,"" led by its ringmaster Maria, travels around Japan to perform, despite struggling with financial difficulties. However, they meet a circus prodigy named Mizuka Tsurumaki. This is the story of a one-of-a-kind circus show of young girls with big dreams.",3.0407,/8tKdwI0wIlEZDDjCv46XD4sbmvT.jpg,2026-07-05,False,GROW UP SHOW -Sunflower Circus-,0.0,0
False,/zyC2Oqypuw4cDWyOw3uNMIbXMCS.jpg,[10764],289983,['CN'],zh,这是我的西游,,2.4697,/6r8b7TJqVB9kQb1pvv05OegXpNy.jpg,2025-04-25,False,This Is My Adventure,6.0,1
False,/vwzQHz8Q8DsBTDkDwL4ob1qSHCY.jpg,"[10762, 10764]",321344,['BE'],nl,Maestro Fortissimo,,3.2536,/52WamglJ2aLncbLJq4O9GtcaaR2.jpg,2026-05-02,False,Maestro Fortissimo,0.0,0
False,,"[18, 10751, 10766]",326396,['LK'],si,සිහිනෙක තනිවෙලා,"Secrets and hidden agendas unravel a complex web of romance, trust, and intense rivalry. When deep-rooted deceptions come to light, a group of young individuals must confront their emotional vulnerabilities as their relationships shift from affection to bitter conflict, forcing them to navigate the fragile line between love and survival.",3.1447,,2025-10-01,False,Sihineka Thaniwela,0.0,0
False,/nydsd4EttPQyzgLaZpX8ybmZo7t.jpg,"[10751, 18, 10766]",313735,['KR'],ko,기쁜 우리 좋은 날,"The story of a diverse generation, each dreaming of becoming the protagonist of their own life.",2.4722,/3NyAGAgALv51AaYXPPHnDTISbJ7.jpg,2026-03-30,False,Our Happy Days,8.0,1
False,/dzOd20BPae13J06hdRzPxzLnQtF.jpg,[35],322993,"['LB', 'SY']",ar,حب ع ورق,"A revoked scholarship sparks a fiery standoff between a free-spirited dreamer and a cold-hearted tycoon. But when their corporate warfare melts into raw chemistry, a troubling twist threatens to tear up the contract.",2.3836,/kB9Td5xoWr2fSozBM2YCPZWe2mJ.jpg,2026-06-14,False,Love on Paper,8.0,1
False,/h1WCkklwGuj6bMYAveHUK0ntTy9.jpg,[35],245412,['GB'],en,G'wed,"Comedy about working class Liverpudlian teenagers, tackling big issues like grief, sex, diversity and class differences.",2.2705,/9hB4MZi1pVunt8yfkhkbAPAzVS3.jpg,2024-02-05,False,G'wed,6.538,13
False,/ktccVgSxbeX9x1PX4u4oXQhSum.jpg,"[18, 10751]",321292,['PK'],ur,Aik Mohabbat Aur,"ACP Khushbakht, a strong yet emotionally guarded officer, returns to her parents’ home after a failed marriage, losing faith in love while raising her young son. When a case brings her together with Haroon, an idealistic journalist searching for genuine connection, he finds himself drawn to her resilience and hidden pain. As Haroon falls in love, Khushbakht struggles to let go of her past, setting the stage for a journey of healing, trust, and the possibility of a second chance at love.",2.8519,/lq4ud7FStLma5y8Gv5FxY3EI5Gu.jpg,2026-06-08,False,Aik Mohabbat Aur,0.0,0
False,/4ei68OmZr0XHnN82OjiV8GBqfyN.jpg,"[16, 35, 10765]",312949,['JP'],ja,ヤニねこ,"Yani is a catgirl with a seriously bad smoking habit. She smokes so much that her apartment smells like ash and is littered with cigarette butts—and plenty of other trash! Every time she tries to quit, she becomes weak to the cravings and gives in almost instantly. Will she ever get her life together, or is she doomed to live as a chainsmoking slob forever?",3.2346,/kqeKlSd7o9BCbTraZsDnksRSfxm.jpg,2026-07-03,False,Chainsmoker Cat,0.0,0
False,/qjeB1ES5BS1DsJhJHilPhJ1B5Du.jpg,"[80, 99]",203453,['US'],en,Interrogation Raw,Criminal cases can be won or lost in the interrogation room. Interrogation Raw is a true crime series that explores fascinating interrogations. Each episode captures the make-or-break moments that occurs within those four walls.,2.1559,/kkEKopfRjjsP2OZHI24ljtHHUh9.jpg,2022-05-19,False,Interrogation Raw,6.2,4
False,/eoY4ZdWpEy6YovG3FTlD036Cdpp.jpg,[10766],313582,['ZA'],af,Paradys,"A multi-generational family story centered round a once-promised “Coloured paradise” that never materialized. It explores legacy, belonging and unresolved dreams.",2.5733,/joE1WjCmczBlqTtiQ9yl9bt1ktj.jpg,2026-02-23,False,Paradys,0.0,0
False,/dn3Kw44Y1BeoavMeXyGIv9LnRZn.jpg,"[10759, 18, 35]",198988,['JP'],ja,東京女子プロレス,"Tokyo Joshi Pro-Wrestling, often abbreviated to TJP or TJPW, is a Japanese joshi puroresu or women's professional wrestling promotion founded in 2012 as a sister promotion of DDT Pro-Wrestling. Initially running alongside other shows such as live music and other idol performances, it became its own fully fledged promotion starting on February 28, 2015.",2.559,/6PHy0iO7e7yTPr4YuxewYpbRTkz.jpg,2013-01-30,False,Tokyo Joshi Pro-Wrestling,8.0,1
False,/g9MeGvfwHXldvVOttIybvaNfLEM.jpg,"[16, 18]",309974,['JP'],ja,透明な夜に駆ける君と、目に見えない恋をした。,"One spring night, Kakeru Sorano, a university freshman, is dragged by his dormmate Narumi to a welcome party. There, he meets Koharu Fuyutsuki, a blind girl who laughs often and speaks of her dreams; she's practically the polar opposite of him. From the moment he picks up her white cane after class, the distance between them begins to shrink. “I want to see fireworks,” she says one day. Those words carry a light that Kakeru gazes at directly for the first time. A girl who cannot see and a boy who has shut himself off—this is a delicate love story woven by two people searching for light.",2.6124,/qbPEnASkv65oKE06wHefsHMcgA0.jpg,2026-07-06,False,Love Unseen Beneath the Clear Night Sky,0.0,0
False,/nvWoBJLgz0A8YCP0qfqK1OEhEbt.jpg,"[16, 10759]",233291,['CN'],zh,搜神记,,2.3186,/mQqHNwv27BDLY1b7z9YpYlezVzv.jpg,2026-03-25,False,In Search of Gods,5.0,1
False,/6Cw6swnE9qTEvOwJ3XnXjQ4SeGU.jpg,[10764],325056,['KR'],ko,스트릿 레스토랑 파이터,"Top chefs and restaurateurs from across Korea gather to launch new street food brands in a real-world business survival. From menu creation and pricing to service and turnover, every element of running a restaurant is tested. In a blind street battle where customers don’t know the chefs, only sales decide the winner.",2.4328,/7o7WmXOybRKxGm0ygwyzSA8isQa.jpg,2026-06-21,False,Street Restaurant Fighter,0.0,0
False,/htdObOindLCRiKq46RTzhWTKJCx.jpg,"[16, 18, 10759]",317320,['CN'],zh,大道独行之蝶龙变,"Luo Li was born and raised in the spiritless land of the Silver Continent, where he rose to become the top assassin of the Tianjue Killing Hall. At the cost of his own life, his father, Master Ciyun, secures a slim chance of survival for him—allowing Luo Li to escape Silver Continent and set out for the Central World. There, he will seek the true path of cultivation… and the destiny that awaits him.[大道独行之蝶龙变-Bstation]",1.7556,/qgrVf9iv1NFYYgPN7YH4W7Z89NG.jpg,2026-04-06,False,Walking the Way All Alone,8.0,1
False,/hswTO5XyyxCVetVAjeZkn7Gk0WV.jpg,[18],319617,['JP'],ja,100日後に別れる僕と彼,"After going viral, ex-boyfriends Yuma and Itsuki must fake a perfect relationship for a 100-day documentary while hiding their real breakup.",2.4339,/6Wcj2DQ8OMNZM0slXRrFdPWmORi.jpg,2026-05-26,False,The Boy and I Who Will Break Up in 100 Days,8.0,1
False,/e3HMqldxAoJTHHsXiRVu50G0UZo.jpg,[10764],79207,['GB'],en,Bake Off: The Professionals,Teams of professional pastry chefs do battle in the kitchen.,2.1244,/u21hiUGvF57N5pKRKIsDQOjh77i.jpg,2018-05-06,False,Bake Off: The Professionals,7.0,4
False,/hceDd9wG8lav2Yn59N9hbf3jliV.jpg,"[9648, 18]",322741,['CN'],zh,解垢,A death-scene cleanup worker and an organ donation coordinator team up to expose a deadly trafficking ring connected to a mysterious murder.,2.0444,/mqHwDNU9pQ64La09zPcBMfsY0wa.jpg,2026-06-26,False,Unfold,0.0,0
False,,[],237241,['GB'],en,Stick to Football,"An original series from The Overlap with Gary Neville, Jamie Carragher, Jill Scott, Ian Wright and Roy Keane, featuring special guests discussing all things football.",2.3055,/7xWEcSD3o4L8ifkvEm30XfwUo3s.jpg,2023-09-27,False,Stick to Football,0.0,0
False,/qbTnqNynOxlwGVY3UokSeFLkxQe.jpg,[],322620,['CN'],zh,七十二家房客-第16季（拆放）,,1.5018,/tszh9zsdr6tkZEl3lVoMI3n0LxZ.jpg,2026-04-26,False,七十二家房客-第16季（拆放）,0.0,0
False,/aCQeYRXOuk4G4u6pBs6JAmfV0X5.jpg,"[35, 9648, 18]",313727,['PH'],tl,Miss Behave,"When their scandalous private content spreads across campus, a group of smart girls band together and plot revenge against the male students whom they believe leaked their nude photos.",2.9043,/dHAV6cGS43qF9hPELupUAFkAfEF.jpg,2026-06-03,False,Miss Behave,0.0,0
False,/aTASZuSI3dIstcTwPKabAFNvK6V.jpg,[10763],322726,['BR'],pt,Bom Dia Inter - Grande Minas,,1.7749,/cIlzv94ySd2NWGcgr8cs4YFKOxB.jpg,2025-12-01,False,Bom Dia Inter - Grande Minas,0.0,0
False,/7oz6D9VEAtqBnt9s3XWI6CYsJC2.jpg,[10764],319608,['KR'],ko,디렉터스 아레나,"In the first-ever directorial survival show, short-form drama directors compete to prove they have what it takes to capture audiences' attention.",2.3268,/3AtIoPe4NruF8KIBsrQRx6H1kXs.jpg,2026-05-15,False,Director's Arena,8.0,1
False,/a36Y94mei7vLEOcKylnzJofL7fA.jpg,"[10765, 10759]",285232,['US'],en,UNEND,"A supernatural ship and a remarkable crew set forth on an expedition to explore the highest heights, deepest depths, and furthest reaches of the known cosmos. But their journey is fraught with peril as they discover truths and realities far stranger than any of them could imagine.",2.994,/r85ZiXx5hb0qmx9raNDnWQvcRSd.jpg,2024-10-09,False,UNEND,0.0,0
False,/gj8K2GSxCUGmnVl3W3TNDTfdL88.jpg,[99],230233,['GB'],en,Beechgrove Garden,"Beechgrove (formerly known as The Beechgrove Garden) is a television programme broadcast since 1978 on BBC Scotland. Over the years it has been broadcast on BBC Scotland, BBC One Scotland, BBC Two Scotland and Britbox.",2.0898,/sxhExVfo3ydnP1aSX70AhFzWFT4.jpg,,False,Beechgrove Garden,0.0,0
False,,[10764],194555,['PH'],tl,"Everybody, Sing!","A Philippine musical game show touted as the ""first community singing game show"" where no one will be left empty-handed. Wherein features several community groups, which consists of 50 individuals, where they are asked to complete a line of a song in order for them to receive cash prizes, and a chance to share a winning jackpot of ₱1,000,000.",2.1398,/aQHb070S28kxb4oERfpk3GBy1Fn.jpg,2021-06-05,False,"Everybody, Sing!",0.0,0
False,/pgQlczhgf0tci3bPVeYQYVz7I6M.jpg,[35],324451,['AU'],en,Ground Up,"Tasmania has finally been given the green light to field a team in the AFL - but there's a catch. The locals have to build a new stadium, and not everyone thinks the 1.13 billion dollar taxpayer spend is the greatest idea.",2.2707,/qPPrG51GOd4aLf3V1O6R8i01f0l.jpg,2026-06-07,False,Ground Up,0.0,0
False,/m1EXAPGmzZbr58mY6dzjaZyDOVU.jpg,"[80, 99]",325188,['US'],en,Worst Neighbor Ever,"This intense documentary series details true stories of neighbors gone bad, from heinous fraud schemes to senseless acts of violent retribution.",2.3735,/v35MEwNf2qOz7SUyS5CfTkYvIOH.jpg,2026-07-01,False,Worst Neighbor Ever,0.0,0
False,/3LpUFYH68gybmFdJSRLikhseUw4.jpg,"[9648, 18]",326376,['CN'],zh,大吉中介,"Recently released from prison, Lin You unexpectedly becomes a haunted-house tester for the Daji Agency. Partnering with Xu Liuliu, a girl gifted with extraordinary vision, he investigates a series of supernatural cases that reveal hidden truths. As they uncover the human stories behind each case, they help restless souls find peace while confronting their own inner struggles.",2.1494,/wdtgxBMwnYJcKRGwlGPdgwVhguq.jpg,2026-06-25,False,The Found Family,0.0,0
False,/6ywsSloozkpjT4OIU49RcxHD17M.jpg,"[16, 35, 10765]",297743,['JP'],ja,うごく！ねこむかしばなし,"The cute comedy manga and anime take children's stories and folktales from all around the world and asks, ""what if a cat appeared in this story?""",2.207,/7d63WcaIE4IuUgD5d3DsTa060iO.jpg,2025-10-15,False,Cat Tales,7.0,1
False,/gj8K2GSxCUGmnVl3W3TNDTfdL88.jpg,[99],230233,['GB'],en,Beechgrove Garden,"Beechgrove (formerly known as The Beechgrove Garden) is a television programme broadcast since 1978 on BBC Scotland. Over the years it has been broadcast on BBC Scotland, BBC One Scotland, BBC Two Scotland and Britbox.",2.0898,/sxhExVfo3ydnP1aSX70AhFzWFT4.jpg,,False,Beechgrove Garden,0.0,0
False,,[10764],194555,['PH'],tl,"Everybody, Sing!","A Philippine musical game show touted as the ""first community singing game show"" where no one will be left empty-handed. Wherein features several community groups, which consists of 50 individuals, where they are asked to complete a line of a song in order for them to receive cash prizes, and a chance to share a winning jackpot of ₱1,000,000.",2.1398,/aQHb070S28kxb4oERfpk3GBy1Fn.jpg,2021-06-05,False,"Everybody, Sing!",0.0,0
False,/pgQlczhgf0tci3bPVeYQYVz7I6M.jpg,[35],324451,['AU'],en,Ground Up,"Tasmania has finally been given the green light to field a team in the AFL - but there's a catch. The locals have to build a new stadium, and not everyone thinks the 1.13 billion dollar taxpayer spend is the greatest idea.",2.2707,/qPPrG51GOd4aLf3V1O6R8i01f0l.jpg,2026-06-07,False,Ground Up,0.0,0
False,/m1EXAPGmzZbr58mY6dzjaZyDOVU.jpg,"[80, 99]",325188,['US'],en,Worst Neighbor Ever,"This intense documentary series details true stories of neighbors gone bad, from heinous fraud schemes to senseless acts of violent retribution.",2.3735,/v35MEwNf2qOz7SUyS5CfTkYvIOH.jpg,2026-07-01,False,Worst Neighbor Ever,0.0,0
False,/3LpUFYH68gybmFdJSRLikhseUw4.jpg,"[9648, 18]",326376,['CN'],zh,大吉中介,"Recently released from prison, Lin You unexpectedly becomes a haunted-house tester for the Daji Agency. Partnering with Xu Liuliu, a girl gifted with extraordinary vision, he investigates a series of supernatural cases that reveal hidden truths. As they uncover the human stories behind each case, they help restless souls find peace while confronting their own inner struggles.",2.1494,/wdtgxBMwnYJcKRGwlGPdgwVhguq.jpg,2026-06-25,False,The Found Family,0.0,0
False,/6ywsSloozkpjT4OIU49RcxHD17M.jpg,"[16, 35, 10765]",297743,['JP'],ja,うごく！ねこむかしばなし,"The cute comedy manga and anime take children's stories and folktales from all around the world and asks, ""what if a cat appeared in this story?""",2.207,/7d63WcaIE4IuUgD5d3DsTa060iO.jpg,2025-10-15,False,Cat Tales,7.0,1
False,/O331wCqUKA8hX2dPuGhrpcyTCm.jpg,"[18, 10766]",323792,['LK'],si,බැද්දේගම,"Adapted from Leonard Woolf's acclaimed novel The Village in the Jungle, this narrative explores the harsh realities of survival, duty, and human resilience. The story chronicles the profound sacrifices of a devoted father who pays the ultimate price to protect his family from ruin. Set against the backdrop of an unforgiving rural landscape, the production delivers a poignant look at ordinary lives caught between the relentless forces of nature, shifting social dynamics, and the enduring power of a noble conscience.",2.3689,/7FvNcvdd46FG1Co9y8ba5o2tpkP.jpg,2026-06-05,False,Baddegama,0.0,0
False,/uTMUXEXfxMbX5eyYgEgqrL7tzSF.jpg,[99],98310,"['FR', 'DE']",fr,ARTE Reportage,"Reportage on important issues around the world, from human rights to elections results, conflicts and geopolitical crises.",1.758,/7WxyKwqV9ct98vlfbMcWDuIFNOq.jpg,1998-09-07,False,ARTE Reportage,0.0,0
False,/eZQMWafOZ88f3p45aH7IA6yddzE.jpg,[10764],241494,['NL'],nl,Stars on Stage,,1.7625,/aswhfevzeXxShTw39itNvfVlRqG.jpg,2024-01-05,False,Stars on Stage,7.5,2
False,,[10764],325934,['US'],en,Bed Rot Challenge,"10 contestants. 10 beds. Who can stay in bed the longest for $100,000?",2.2682,,2026-06-18,False,Bed Rot Challenge,0.0,0
False,/9frSdqE23aegkjSGMLn8uaD1cy9.jpg,[99],254789,['NO'],no,Oslo Fengsel,Docuserie followinmg the 'daily lives' of inmates and employees at Oslo Prison.,1.6346,/wX3TLReB8ikaWhC2sND11Vs5vdb.jpg,2024-06-03,False,Oslo Fengsel,0.0,0
False,/cFZHikuo1tiDZKQIazX75TipHDI.jpg,[10764],241977,['JP'],ja,今日、好きになりました。,,2.328,/vkMJi2javGsG90Dq8EJzqzTo3Dz.jpg,2017-05-20,False,I Fell in Love Today,0.0,0
False,/j8C6I6cS3LS6Eb1gIW2n5mua7vq.jpg,[10767],71027,['ES'],es,Órbita Laika,,1.8165,/nOajtrUgTEizU6obeIjLxYxqyAC.jpg,2014-12-07,False,Órbita Laika,5.5,2
False,/dEWq9esVnTAiRcb0Ok76li2wYQf.jpg,"[10767, 10763, 10768]",210767,['BR'],pt,Linhas Cruzadas,,2.0875,/pPTCtTy3Sd55g4OPffQmilWptTz.jpg,2021-01-28,False,Linhas Cruzadas,10.0,2
False,/zi8tREllTsuOvPVQ333uQ4nUy9E.jpg,[18],313263,['TH'],th,อาจจะดัง หรือ อาจจะยัง,"An idol group that once dreamed of fame now faces the humiliation of singing children’s songs dressed as mascots. Everyone quits… except Jeng, who chooses to stay by the stubborn Boss Sithian.",2.1821,/3wHsb2h7bUEu1cOuzn4NzE5mHym.jpg,2026-06-20,False,Lost to Light,0.0,0
False,/AcHDrl6L9ceDsyCMgtJkhncqIzH.jpg,[10764],321968,['DK'],da,Klågere end du tror,,2.3578,/ebpv7G3gKivKNcsEpTsoj6n2xIF.jpg,2026-05-19,False,Klågere end du tror,10.0,1
False,/6ILHFAsoFAQXqZ5RuE8MO5nurCk.jpg,[10764],129538,['NL'],nl,Au Pairs,,1.9753,/awv4a9Qc2FzUbyLQaSrn9Vp6hTQ.jpg,2020-02-18,False,Au Pairs,0.0,0
False,/3edQ01WhQS5Yhw3WUGnAluRAqHZ.jpg,"[35, 10764]",259361,['AU'],en,Guy Montgomery's Guy Mont Spelling Bee,"Get ready to laugh-out-loud as Guy Montgomery and his loyal assistant Aaron Chen are joined by some of Australia's favourite personalities, testing their spelling prowess with wildly inventive spelling challenges designed to befuddle, bamboozle, and bedazzle them all.",2.017,/z7G5xMyH4PYnpcNVCWc3Uzi9cKe.jpg,2024-08-14,False,Guy Montgomery's Guy Mont Spelling Bee,8.4,7
False,/8fcBg48fEEkaFreYmHZ3mAciLC.jpg,[18],325311,['IN'],bn,Queens,"The Sarkar empire was the only thing blocking Nilmoni Mishra from absolute power. His answer? A brutal wedding night massacre. Now, four grieving widows inherit a legacy of blood and enemies. Led by Meera, pregnant and fierce, they choose vengeance over tears. Blood will answer blood.",3.3262,/dz20pemFyWEUpsAdcTjZwjw1nVO.jpg,2026-06-12,False,Queens,0.0,0
False,/oeShTMvnYO5Wp1G52QKABg5UJnl.jpg,[10764],323204,['KR'],ko,언더커버 셰프,Korean celebrity chefs go undercover as junior chefs and must prove their skills to their bosses in only five days.,2.1185,/cbRSIJW19zLIoq9y15i1RAV4QyB.jpg,2026-05-21,False,Undercover Chef - Korea,8.0,1
False,,[],325466,['KR'],ko,뭉쳐야 뛴다-같이뛸RUN희,"'Run Together RUN-hee' is a web variety spin-off of JTBC's flagship sports entertainment ""The Gentlemen's League.  A running talk show where former national soccer team player and broadcaster Cho Won-hee enjoys running with guests while sharing various stories.",2.1821,/natCAGJ9VEG0qFl3QmKm0kWlCbt.jpg,2026-04-03,False,RUN with Won-hee,0.0,0
False,/AsQ6QzR58WOfty0CFuICHmEDf5C.jpg,"[16, 18]",312020,['JP'],ja,ワールド イズ ダンシング,"In 1374, amid the turmoil of the Northern and Southern Courts' long running conflict, a boy named Oniyasha is born into a family of sarugaku theater performers. He spends his days in a kind of quiet gloom, haunted by a simple but persistent question: Why do people dance? Then, one day, he witnesses a dance that he feels to be “good”—and everything begins to change. This is the story of the beautiful young boy who would one day shape the art of Noh and be remembered as Zeami.",2.1693,/swh5mYGuqixQYwkrfDXfOcltRcl.jpg,2026-07-02,False,The World Is Dancing,0.0,0
False,/drLlfrtXqRQPsVguR1whVktRXs8.jpg,[10767],258268,['ZA'],af,Koppieteefontein,"A cup of tea may be just the thing that lets people open themselves up to a good, honest, and friendly chat.",1.7971,/jzK3Vgmm0WfDRMtmBRUzzDOJxwW.jpg,2021-10-01,False,Koppieteefontein,8.0,1
False,/3vHv71tYgkdmvN4ibHXSfWc7btB.jpg,[18],322072,['JP'],ja,君は夏のなか,"Bound by a shared love of film, two high school boys spend a life-changing summer falling for each other.",1.9704,/glzXOralsCIcuWdg4AZLbIQVxGm.jpg,2026-06-24,False,My Summer of You,0.0,0
False,/9bEp1MCe9tEJDvEEhw1MP0QneEI.jpg,[10764],114659,['US'],en,90 Day Diaries,"An intimate look into the lives of our couples, told from their perspective. Without producers or crew, the cast members film themselves in their day-to-day lives as they continue to navigate the COVID-19 pandemic and all of the new challenges it brings to their relationships.",1.923,/jargHc08uT0s159kS9r9497QcFB.jpg,2021-01-04,False,90 Day Diaries,6.5,6
False,/gUW5gj6ZNeAvG0PqO84egqJRTmd.jpg,[10767],208716,['BR'],pt,Domingão com Huck,,1.6687,/569LRJdSiSwAuisahIjhF5EGTid.jpg,2021-09-05,False,Domingão com Huck,7.0,1
False,/lOQfydtFpGfnFPBYthSCpHw7TC8.jpg,"[16, 10765, 10759]",302051,['JP'],ja,ここは俺に任せて先に行けと言ってから10年がたったら伝説になっていた。,"Luck, an S-rank mage in the hero’s party, makes a last stand against the Demon King to save his companions. When he finally returns victorious, ten years have passed, and the world praises him as a legendary hero who died in battle. Unable to reclaim his former life, Luck conceals his identity and begins again as “Lock,” an F-rank adventurer forging a future in a world that moved on without him.",2.1825,/svcJyWDhj1STkOTSfxgd2hOvZ0z.jpg,2026-07-06,False,I Became a Legend After My 10 Year-Long Last Stand,0.0,0
False,/5XSQFFhxjBWmLvkqUpyhzKXLuxs.jpg,[10764],290464,['JP'],ja,日向坂になりましょう,"Japanese idol group Hinatazaka46 faces various challenges, ostensibly to teach them the skills they need to become successful idols.",1.9685,/7zPOrPMIh8OvPNW9It9ekPFhao8.jpg,2023-04-26,False,Let's Grow Up to Hinatazaka,0.0,0
False,/cZBzydoCzbZr0lCK72oMkZTAtgq.jpg,"[35, 18]",115597,['TR'],tr,10 Bin Adım,Two ex-lovers Ezgi and Memet decide to take 10 thousand steps by walking together every day. Different things happen to them every day. But they still keep taking steps every day.,1.8183,/s3qr2K8LjVCTIBoWOnkFd6bQqcM.jpg,2020-12-30,False,10 Thousand Steps,6.5,12
False,/xVvDsnTPPxGAKAY96YI1Uvl8Bjz.jpg,"[99, 9648]",258925,['KR'],ko,샤먼,"A real investigative documentary that follows the experiences of actual cases suffering from supernatural phenomena and the consciousness process of a shaman, revealing the still-existing shamanism in Korean culture.",1.9948,/b3FPw5tXMvt6oVcLDg65o4i5hSu.jpg,2024-07-11,False,Shaman,0.0,0
False,/t2YsKNszYwG0ygl0stW0prmpc1z.jpg,[10764],131997,['BE'],nl,B&B zoekt Lief,,2.1153,/z9nHxEF1EH04rIPm8nwvXPJM8Bx.jpg,2022-06-20,False,B&B zoekt Lief,6.0,1
False,/bqTRZZV3O25ulwQYx2wGL0nTZg1.jpg,[99],226796,['CN'],zh,闪闪的儿科医生,,2.5436,/4dzvhnSbfTiwXrxHmBp6qTCrNSF.jpg,2023-04-29,False,The Glorious Pediatricians,7.0,1
False,/uYrs7euj7DLeVukni64zA5MGiQz.jpg,[35],277417,['US'],en,De Tatta's: The Series,"Follow the hilarious Van Kampen family in their daily adventures. Erik struggles with his Tatta identity as he desperately tries to get out of debt. Laura looks for a job to support the family, Daan clumsily pursues love and Jessica finds her footing at her first job. And Richard? He argues with everyone, but remains irresistible.",1.7921,/1tOFZrT8saXpLhDCLIIouTTXaOw.jpg,2024-12-05,False,De Tatta's: The Series,4.0,3
False,/aqczvSe6O8sztVpirEVYCn8qwmG.jpg,"[80, 18]",242866,['ES'],es,33 días,,17.9273,/iCdg6e2g4gPCssUJ5lSxf7QyWBq.jpg,2026-06-07,False,33 días,1.0,1
False,/v7i83qTsoy4vBky75ddRWqvOFEj.jpg,[10764],83215,['PT'],pt,Casados à Primeira Vista,"By scientists and relationship specialists, some Portuguese singles are placed in couples and meet for the first time in their own marriage. After that, they will go on a honeymoon, they will live together in a house and they are going out together and with their families and friends for the purpose of testing their relationship and discovering if love arises between them. In the end, the ultimate decision will be made: will they continue their lives together and married, or will their ways separate and divorce?",1.8302,/758xuPtlptrqg3EIoo9iCb2fqy5.jpg,2018-10-21,False,Casados à Primeira Vista,4.5,4
False,/2ZiCNiuOiUGfAF0j73RI8DX1Z1N.jpg,"[16, 10765, 18]",295071,['JP'],ja,さよならララ,"The story follows a mermaid who makes a forbidden wish to be loved by a human. Following her death, she is reborn 200 years later into modern-day Japan in Lake Biwa, where she learns to adjust in a human world.",1.6714,/UyFr1QGLiU7lWNjh9xIEiM8S3a.jpg,2026-07-06,False,"Goodbye, Lara",0.0,0
False,/d9VCsxDe3429zjELaxt5PjPvBoZ.jpg,[99],226997,['FR'],fr,Le dessous des cartes - L'essentiel,"Join us from Monday to Thursday for ""Mapping the World Essentials"": a 3-minute 30-second in-depth look at international geopolitical news.",2.7814,/9gl4cZSSHstcV4AhErW3qXuxz6U.jpg,2022-03-07,False,Mapping the World Essentials,0.0,0
False,/yxfl5Q9aWfysmeGQYJQdLdO5tsu.jpg,"[99, 80]",241513,['US'],en,Lethally Blonde,"Host Holly Madison reveals the stories of everyday young women who use sex appeal as an avenue to power, which leads them into a risqué world of jealousy and obsession that quickly becomes darker and more dangerous than they can possibly imagine.",1.4355,/sWNSBqLfFmpmRzuCue5mME204n6.jpg,2024-03-25,False,Lethally Blonde,6.0,5
False,,"[16, 10751, 10764]",325569,['US'],en,The Ultimate Kids' Choice Awards,"In the ultimate, slime-filled night of entertainment, multi-talented host and nominee Cedric Mitchell takes the stage for a star-studded celebration where fan-favorite young Hollywood elite battle it out for the ultimate orange blimp—culminating in historic double-wins, family triumphs, and unforgettable acceptance speeches.",2.9481,,2025-06-29,False,The Ultimate Kids' Choice Awards,0.0,0
False,/r1AdjOSOUBZiy9GWABVvvZHNOGY.jpg,"[10759, 10765]",308216,['JP'],ja,ウルトラマンテオ,"After his home planet, H12, is destroyed by space kaiju, a lone alien named Teo escapes to Earth and lives as a veterinary student. When the same threat arrives, his will to protect transforms him into a giant hero—Ultraman.",2.0496,/wF3VjWmjTQK6i1VWk17aB1Y0MDH.jpg,2026-07-04,False,Ultraman Teo,10.0,1
False,/v7i83qTsoy4vBky75ddRWqvOFEj.jpg,[10764],83215,['PT'],pt,Casados à Primeira Vista,"By scientists and relationship specialists, some Portuguese singles are placed in couples and meet for the first time in their own marriage. After that, they will go on a honeymoon, they will live together in a house and they are going out together and with their families and friends for the purpose of testing their relationship and discovering if love arises between them. In the end, the ultimate decision will be made: will they continue their lives together and married, or will their ways separate and divorce?",1.8302,/758xuPtlptrqg3EIoo9iCb2fqy5.jpg,2018-10-21,False,Casados à Primeira Vista,4.5,4
False,/2ZiCNiuOiUGfAF0j73RI8DX1Z1N.jpg,"[16, 10765, 18]",295071,['JP'],ja,さよならララ,"The story follows a mermaid who makes a forbidden wish to be loved by a human. Following her death, she is reborn 200 years later into modern-day Japan in Lake Biwa, where she learns to adjust in a human world.",1.6714,/UyFr1QGLiU7lWNjh9xIEiM8S3a.jpg,2026-07-06,False,"Goodbye, Lara",0.0,0
False,/d9VCsxDe3429zjELaxt5PjPvBoZ.jpg,[99],226997,['FR'],fr,Le dessous des cartes - L'essentiel,"Join us from Monday to Thursday for ""Mapping the World Essentials"": a 3-minute 30-second in-depth look at international geopolitical news.",2.7814,/9gl4cZSSHstcV4AhErW3qXuxz6U.jpg,2022-03-07,False,Mapping the World Essentials,0.0,0
False,/yxfl5Q9aWfysmeGQYJQdLdO5tsu.jpg,"[99, 80]",241513,['US'],en,Lethally Blonde,"Host Holly Madison reveals the stories of everyday young women who use sex appeal as an avenue to power, which leads them into a risqué world of jealousy and obsession that quickly becomes darker and more dangerous than they can possibly imagine.",1.4355,/sWNSBqLfFmpmRzuCue5mME204n6.jpg,2024-03-25,False,Lethally Blonde,6.0,5
False,,"[16, 10751, 10764]",325569,['US'],en,The Ultimate Kids' Choice Awards,"In the ultimate, slime-filled night of entertainment, multi-talented host and nominee Cedric Mitchell takes the stage for a star-studded celebration where fan-favorite young Hollywood elite battle it out for the ultimate orange blimp—culminating in historic double-wins, family triumphs, and unforgettable acceptance speeches.",2.9481,,2025-06-29,False,The Ultimate Kids' Choice Awards,0.0,0
False,/r1AdjOSOUBZiy9GWABVvvZHNOGY.jpg,"[10759, 10765]",308216,['JP'],ja,ウルトラマンテオ,"After his home planet, H12, is destroyed by space kaiju, a lone alien named Teo escapes to Earth and lives as a veterinary student. When the same threat arrives, his will to protect transforms him into a giant hero—Ultraman.",2.0496,/wF3VjWmjTQK6i1VWk17aB1Y0MDH.jpg,2026-07-04,False,Ultraman Teo,10.0,1
False,/iPLY76MZlEmk3zw2cTFHM4kQQlt.jpg,[10764],324894,['US'],en,Turned On: Dirty Sexy Money,"Explores fiercely ambitious women dominating the top 1% of OnlyFans creators globally, earning up to $1M+ yearly for minimal work. They've hacked the system, controlling their sexuality and success on their terms.",2.5649,/dwESBL13RP0oN6rH3UzAZUI0WLB.jpg,2026-05-29,False,Turned On: Dirty Sexy Money,0.0,0
False,/xmYs8FLpfiPMaffQYKKfMz0HyU.jpg,[18],314639,['JP'],ja,銀河の一票,"When a political scandal exposes her father’s dark secret, aspiring politician Hoshino Matsuri is cast out, forcing her to rebuild her life while navigating a high-stakes emergency election.",1.924,/774GzonqGfZ6WOxowMV391cS9Ue.jpg,2026-04-20,False,The Light We Cast,7.0,1
False,/fgmNiDc8izBBhOCvmW9bfmZFJoY.jpg,"[35, 10764]",324564,['NZ'],en,Celebrity Escape,"Seven comedians attempt high-concept escape rooms under the watch of a mischievous Game Master. Solve the room, then survive elimination - with Panic Buttons, Gifts, Wrath, and only one winner.",1.716,/hqbnBh0dBnVO4tCOSOklcimYxhW.jpg,2026-06-09,False,Celebrity Escape,0.0,0
False,/kdundwKzRuGqi1gg68C1p97OzRE.jpg,[10767],256296,['ZA'],af,Gesels,Leandie du Randt visits the viewers' living room weekly with the chat program 'Gesels',1.9558,/doxyHJFUtXClkdyfLKF97FpBeqM.jpg,2024-06-22,False,Gesels,8.0,1
False,/scKnmdrXPifC3kufJ2CqBzfTBA7.jpg,"[10767, 10764]",72463,['GB'],en,Love Island: Aftersun,Talk-show with a celeb panel who discuss the previous week of Love Island plus some exclusive clips direct from the villa.,1.8367,/Aey09SKLucpmoyOGzbUE8FIBQIQ.jpg,2017-06-11,False,Love Island: Aftersun,3.4,8
False,,[35],286450,['TH'],th,เจ๊ทแหลก,"Kreetha, a young man with a guileless appearance, is forced to become a spy for Porn, the owner of a low-cost airline that is going bankrupt. His mission is to infiltrate Glamorous Airlines, a rival airline full of secrets.

Chaos ensures thanks to his eccentric coworkers: Phi Chai, Allnew, Tidgif, Chaba, and Sky, plus the unpredictable passengers on each flight, making every trip a constant headache!",2.5025,/e3RVCTZVZfFwfv3uBnVtzYEAFzT.jpg,2025-05-07,False,Jet Lag,0.0,0
False,/OVKZ4qybNytbwZVO6SGOYccqKn.jpg,[10764],318117,['NL'],nl,Ticket to the Tribes,"In the new reality show, 12 Dutch and Flemish celebrities live together with the Himba community in Namibia. This means that the participants must live without modern amenities and adapt to the tribe's way of life. The participants are judged on their commitment and respect for the culture. The celebrities who adapt the least are eliminated. Ultimately, one participant remains. This person is appointed an honorary member by the community.",1.8639,/bnyAgpU8pMEZGdgjl3x9it1C0KS.jpg,2026-06-05,False,Ticket to the Tribes,0.0,0
False,/msUH7oSU1DPLT0ZI1ebDlnvgGsw.jpg,"[99, 80]",230519,['US'],en,My Strange Arrest,"An in-depth look at the people who were arrested for allegedly committing some of the weirdest, wildest and most bizarre crimes ever, digging beyond the headlines and the viral videos to take a look at the incidents and consequences, hearing the stories from the accused, the arresting officers and eye witnesses. These are bizarre crimes with real-life ramifications.",1.4413,/iip7kviBBCJ7WNXo78JPbedjJWi.jpg,2023-07-26,False,My Strange Arrest,7.0,6
False,/pLrAJOAwAUbeCPlzOpcbiD7VPXL.jpg,[99],96988,['GB'],en,F2: Chasing the Dream,"Follow the Formula 2 drivers on their Road to F1 as they chase the ultimate goal: a seat in the pinnacle of motorsport. Witness first-hand the unwavering commitment of the racers: the passion, the tension, and the hope that they carry with them around some of the world’s most challenging circuits when they step into the cockpit.",1.7646,/6uPqcL8V4wtqBQKkwLTQ3qpu2wl.jpg,2020-01-02,False,F2: Chasing the Dream,10.0,1
False,/gQOWqeq9wZSFEnsbiv30Lqgp1Ea.jpg,"[10767, 35]",325434,['US'],en,After Hours with James Corden,James Corden is joined by former England national team captain Rio Ferdinand and comedian Ian Karmel to spotlight the tournament's most talked-about moments and storylines of the day; guest appearances from the biggest names in culture and soccer.,2.184,/3FXVImq6pLz4JLBAwIXeUYPbZSX.jpg,2026-06-11,False,After Hours with James Corden,0.0,0
False,/lijZaH3TeR8GRoY4turfMBOG2xl.jpg,[18],317223,['KR'],ko,버디보이,"Yu-ho, who comes from the city, feels an inexplicable and intense attraction to Jin-gu, whom he meets in the countryside. And in the midst of excitement and confusion, their relationship dangerously intertwines.",1.7108,/7b3fc9bgJLSMvdWygVn9LQ78gi9.jpg,2024-10-22,False,Buddy Boy,0.0,0
False,/vb7Cr6zQkCFji2pAgsoBFRzcaLA.jpg,[18],285143,['CN'],zh,灿如繁星,"When Lin Wanxing returns to her hometown and takes a job at a local high school, she’s unexpectedly tasked with reviving its long-disbanded soccer team. With help from her mysterious tenant, former coach Wang Fa, they work to rebuild the team, guide the students toward their dreams, and face the shadows of their own pasts along the way.",1.8006,/b5nQBfeAQA9lEINrYFWXBh8PENr.jpg,2026-07-05,False,Road to Success,0.0,0
False,,[10764],82025,['DE'],de,Undercover Boss,,1.5645,,2011-03-28,False,Undercover Boss,8.0,1
False,/o93FQvjmIBcCXd9uyrM37yUW3z0.jpg,[18],324018,['IL'],he,המתמחה,"One desperate, irrational action taken by Dr. Dasi Nakash, to save a patient who was betrayed by the hospital, sucks her into a dizzying trajectory of attempts to save patients, all the while facing moral dilemmas that become more and more complex to handle, and inevitably clashing with the dark side of the medical establishment.",1.4902,/y6KoOFhURntHonLlrHO8mCWxiHN.jpg,2026-05-21,False,Heart of a Killer,0.0,0
False,/uvJSkKNMDLn5p8sH81UIDqDIQPz.jpg,[18],324768,['TH'],th,ลูกผู้ชายหัวใจเพชร,"A gifted, humbly born musician and a wealthy student fall for each other amid personal rivalries and a life-changing accident.",1.6846,/sWsmxeC3wl4Geq5oMZMT5p3u36d.jpg,2026-06-15,False,Strong Will,0.0,0
False,/ohTPjxTl9vu5MUNT8mmuozESkxk.jpg,[18],298477,['CN'],zh,去桃花盛开的地方,"A young aspiring illustrator stays in a remote Tibetan village, seeking her mother with the help of local villagers, while the community embraces tourism to transform their home into the renowned Peach Blossom Village.",1.7575,/ozrG3jXYesO3zwLNOyBNAXkTvHC.jpg,2025-08-16,False,Finding Home in Blossoms,0.0,0
False,/hLa1alBNswGaTk3lu5s4qGxqLb2.jpg,[10764],288453,['US'],en,Next Gen NYC,"“Next Gen NYC” follows a tangled web of friends raised in the spotlight — or at least close enough for good lighting — as they stumble into adulthood one brunch, breakup and spontaneous decision at a time.",1.5133,/quiTd4vvJMAOSq5oncG31Q4cmo.jpg,2025-06-03,False,Next Gen NYC,8.0,2
False,/5nNTfuJHVPJOTHzS1LpmpGY70L.jpg,[10764],322722,['CN'],zh,国乐无双,,1.8389,/cCpfJSQw43gCr01JgtZi3sGWOKX.jpg,2026-05-23,False,国乐无双,0.0,0
False,/yAC1syZ2XEOkaE6Asz5594OIezX.jpg,[18],322885,['KR'],ko,더 테이블,,2.0214,/7SBF0hgdYI1nsbiBUOSc41DY9cL.jpg,2026-06-25,False,The Table,7.0,1
False,/sy8dtXYm7DO1eIehbyDpZ4r9bmh.jpg,[16],227218,['JP'],ja,おでかけ子ザメ,"The story follows a little shark character, Kozame-chan's adventures in Yauo town, which smells ""nostalgic."" From radio exercises to festival stalls to meeting with friends, Kozame-chan has a variety of heartwarming experiences in the town.",2.372,/64qo6XZ1wr8AOwpnaeIs0onjmbP.jpg,2023-08-01,False,Odekake Kozame,6.5,4
False,/7pMuLURP6Wgpv4ZXlObCimV3jXM.jpg,"[18, 10766]",295268,['IN'],hi,Tumm Se Tumm Tak,"Anu, a kind 20-year-old, and Aryavardhan, a resolute 45-year-old businessman, defy societal norms and family resistance, overcoming struggles to demonstrate that love transcends age or boundaries.",1.7994,/77BSpZ13SbaysMlFG6I8w0P5cFP.jpg,2025-07-07,False,Tumm Se Tumm Tak,0.0,0
False,/b96VzvINnynkHGpVTXVQbcHCYTA.jpg,"[10751, 18]",326157,['SN'],wo,Sama Yaay,"Codou, Fary, and Baye Zale reflect each day on the journey they have traveled. Behind their lives lies the silent struggle of a mother: Kéwé, widowed far too soon. Illiterate, Kéwé single-handedly bore the burden of the household, taking on numerous odd jobs and sacrificing her dreams to protect and raise her three children. Through her memories, Fary sees and experiences the reflection of this exceptional mother who transformed her tears into courage and her hardships into hope.",4.9684,/j4eiYB1wswpKvBoozV4TOQLD3Nc.jpg,2026-06-23,False,Sama Yaay,0.0,0
False,/vOXCP8gDeChnUyDVro0jUaT7Acr.jpg,"[10751, 18, 35]",323375,['IN'],ta,Brothers and Sisters,"Bound by love and unspoken truths, Shanmuga Sundaram and his devoted family's lives revolve around shared rituals... till hidden cracks begin to surface.",1.5346,/dUmJyNe5UT301KwVWrxctpP2sqU.jpg,2026-05-27,False,Brothers and Sisters,0.0,0
False,,[],318173,['ES'],es,La chica buena dominada por papi,,1.2323,/ngpv3nbWHDmz6HVqeQ5LhDxu6nU.jpg,2026-03-30,False,La chica buena dominada por papi,0.0,0
False,/3flNTu550dOcjDKDNi8zQv5oWY3.jpg,[18],243231,['US'],en,County Rescue,"With one paramedic opening, Dani Miller must set aside her recent heartbreak and prove herself worthy of the job while competing against the fire chief's impulsive son and an over-qualified rookie.",1.5046,/g4gusZBstAVtXYUQRGpIyGJ35zt.jpg,2024-02-26,False,County Rescue,10.0,1
False,/pGU5bKDalGb1QG7z6TkT8LKWIEK.jpg,"[16, 10765]",283805,['CN'],zh,盘龙,,1.7888,/2Bh7SGNEBeIX4GA45THoftUlqh7.jpg,2026-04-30,False,Coiled Dragon,8.0,1
False,/ze104rgUMOKNmtH7bDH9ehCEkPa.jpg,"[99, 35]",326150,['AU'],en,Garn: The Series,Garn is a satirical docuseries detailing the whimsical and questionably legitimate adventures of the Australian Working Class Hero Dan 'Murph' Murphy.,2.4826,/a6Nogiy9IahLVRwBpJ925G9NHAp.jpg,2026-06-22,False,Garn: The Series,10.0,1
False,/mLDXmz1wknpbIlslX5b5I9CyUIL.jpg,[10764],247172,['US'],en,The McBee Dynasty: Real American Cowboys,The high-stakes ranching and farming world of McBee Farm & Cattle is on the brink of becoming either a billion-dollar business or a financial disaster.,1.4909,/lJ0AlLsLnRfJ2yYriA7v6ZWvCdI.jpg,2024-03-11,False,The McBee Dynasty: Real American Cowboys,6.722,9
False,/oGsGqfgqALZ4OtMW7MCl0WiFThk.jpg,[18],133761,"['FR', 'IR']",fr,Happiness,"Tehran, today. Shadi is 17 years old. In life, Shadi loves listening to music at the bottom of the blocks with her best friend Ferial. But soon, she has to move to France, far from everything she has always known. Shadi starts to ask herself questions: is immigration really what she wants? To find out, she will embark on a journey to discover Iran.",1.6424,/t1iWrCGxWJV5GoOAYZAS97b9P6O.jpg,2021-09-20,False,Happiness,7.4,4
False,/3KbXVylgEd6IFnQxh54aExQDBoA.jpg,[10767],323418,['US'],en,The Vampire Lestat: After Dark,Dive deeper into the world of The Vampire Lestat with this new series that takes fans behind the scenes of each episode with members of the cast and creative team. Hosted by writer and podcaster Lizzie Bassett.,2.3748,/4we4BEbdWlWWdd2kXtAm0uXFyac.jpg,2026-06-07,False,The Vampire Lestat: After Dark,5.5,2
False,/rzFWrUMPl5JEZYXcnTLmd2uv2sF.jpg,[10764],325114,['KR'],ko,연애전쟁,"Couples standing on the brink of separation are faced with one question: stay together or part ways? With the help of three experienced relationship observers, they confront their deepest conflicts to discover whether their relationship still has a future.",1.9204,/s8cQ3omLNwPIVWPyHpEBBsS9YJd.jpg,2026-06-23,False,Love War,0.0,0
False,/hhGw73wWW8CPW5UWE0L0RMT8RrJ.jpg,"[99, 80, 10764]",227144,['US'],en,Contraband: Seized at the Border,"The border between the USA and Mexico is the busiest in the world. This series follows the work of America's Customs and Border Protection agency, whose job is to defend the border and stop terrorists, drugs and illegal weapons from entering the country.",1.5948,/hlCLRojglopcOtPKY1621oFH0kB.jpg,2023-05-23,False,Contraband: Seized at the Border,9.0,5
False,/tPNrPu4bqGUNJcfLwdebdxdAX91.jpg,"[35, 80]",300883,['GR'],el,Γιατί ρε Πατέρα;,,1.7062,/s6XZCZWL2NLgXCilTQJwLSEUkyO.jpg,2025-09-22,False,Γιατί ρε Πατέρα;,0.0,0
False,/vC2SxRXKStnGbjeqjP5dcTNSQBa.jpg,[10765],317872,['RU'],ru,Малахит,"In the small village of Krasny Kamen, three seventh—graders ― Roma, Asya and Gordey - are spending their summer holidays carefree. But one day, while swimming in a flooded copper ore quarry, Roma finds a magical malachite nugget that grants him an amazing ability: everything he draws becomes reality. But it turned out that along with the miraculous find, the ancient spirit of the Black Raven mine was released from the depths of the old quarry. He really can fulfill absolutely any wish, but in return he will demand to pay too high a price. Now the guys will have to show fortitude and prove that pure thoughts, warmth of hearts and true strong friendship are able to resist the terrible ancient evil.",1.6812,/rtxVkHHvD5JNygo9MvGxGmpizKc.jpg,2026-06-12,False,Malachite,0.0,0
False,/mLDXmz1wknpbIlslX5b5I9CyUIL.jpg,[10764],247172,['US'],en,The McBee Dynasty: Real American Cowboys,The high-stakes ranching and farming world of McBee Farm & Cattle is on the brink of becoming either a billion-dollar business or a financial disaster.,1.4909,/lJ0AlLsLnRfJ2yYriA7v6ZWvCdI.jpg,2024-03-11,False,The McBee Dynasty: Real American Cowboys,6.722,9
False,/oGsGqfgqALZ4OtMW7MCl0WiFThk.jpg,[18],133761,"['FR', 'IR']",fr,Happiness,"Tehran, today. Shadi is 17 years old. In life, Shadi loves listening to music at the bottom of the blocks with her best friend Ferial. But soon, she has to move to France, far from everything she has always known. Shadi starts to ask herself questions: is immigration really what she wants? To find out, she will embark on a journey to discover Iran.",1.6424,/t1iWrCGxWJV5GoOAYZAS97b9P6O.jpg,2021-09-20,False,Happiness,7.3,5
False,/3KbXVylgEd6IFnQxh54aExQDBoA.jpg,[10767],323418,['US'],en,The Vampire Lestat: After Dark,Dive deeper into the world of The Vampire Lestat with this new series that takes fans behind the scenes of each episode with members of the cast and creative team. Hosted by writer and podcaster Lizzie Bassett.,2.3748,/4we4BEbdWlWWdd2kXtAm0uXFyac.jpg,2026-06-07,False,The Vampire Lestat: After Dark,5.5,2
False,/rzFWrUMPl5JEZYXcnTLmd2uv2sF.jpg,[10764],325114,['KR'],ko,연애전쟁,"Couples standing on the brink of separation are faced with one question: stay together or part ways? With the help of three experienced relationship observers, they confront their deepest conflicts to discover whether their relationship still has a future.",1.9204,/s8cQ3omLNwPIVWPyHpEBBsS9YJd.jpg,2026-06-23,False,Love War,0.0,0
False,/hhGw73wWW8CPW5UWE0L0RMT8RrJ.jpg,"[99, 80, 10764]",227144,['US'],en,Contraband: Seized at the Border,"The border between the USA and Mexico is the busiest in the world. This series follows the work of America's Customs and Border Protection agency, whose job is to defend the border and stop terrorists, drugs and illegal weapons from entering the country.",1.5948,/hlCLRojglopcOtPKY1621oFH0kB.jpg,2023-05-23,False,Contraband: Seized at the Border,9.0,5
False,/vC2SxRXKStnGbjeqjP5dcTNSQBa.jpg,[10765],317872,['RU'],ru,Малахит,"In the small village of Krasny Kamen, three seventh—graders ― Roma, Asya and Gordey - are spending their summer holidays carefree. But one day, while swimming in a flooded copper ore quarry, Roma finds a magical malachite nugget that grants him an amazing ability: everything he draws becomes reality. But it turned out that along with the miraculous find, the ancient spirit of the Black Raven mine was released from the depths of the old quarry. He really can fulfill absolutely any wish, but in return he will demand to pay too high a price. Now the guys will have to show fortitude and prove that pure thoughts, warmth of hearts and true strong friendship are able to resist the terrible ancient evil.",1.6812,/rtxVkHHvD5JNygo9MvGxGmpizKc.jpg,2026-06-12,False,Malachite,0.0,0
False,,[10764],314384,['BR'],pt,Elevator Pitch Brasil,,2.3335,,2026-07-05,False,Elevator Pitch Brasil,0.0,0
False,/eEZJbbYQeABFV8Mrh0sdgUWAe69.jpg,[10764],66001,['AU'],en,First Dates Australia,"When the First Dates restaurant sets the table, hopeful singles from across the country will have a chance of meeting their dream partner. They’ve turned their backs on online dating in the hope of meeting someone special face-to-face, and they’ll meet their potential love match for the very first time in the restaurant.",1.4462,/m6S6GuWIvf7ahytNyrBI8KLxQ9B.jpg,2016-02-03,False,First Dates Australia,6.5,4
False,/e6Z2R0NWw5WJ2kcvV5CqxJ7oeOd.jpg,"[10764, 99]",323541,['US'],en,Crashers,"Crashers is a high-energy renovation series. Home restoration expert Jonathan Knight ambushes folks in everyday places — the local coffee, the hardware store, even the school pickup line — and offers them the surprise of a lifetime: a free 72-hour renovation of a lackluster space of their choosing. Before the work begins, the homeowners must agree to three rules: the renovation starts immediately; they have no say in the design; and they must vacate their home for the full three-day timespan.",1.4737,/rzOrnVzgQfb5Mk3iLQ37hlcGSWY.jpg,2026-06-08,False,Crashers,0.0,0
False,,"[16, 35, 10765, 10759]",284581,['JP'],ja,最強出涸らし皇子の暗躍帝位争い 無能を演じるSSランク皇子は皇位継承戦を影から支配する,"Arnold is a lethargic prince who is ridiculed by the entire empire as an ""insipid"" runner. But in fact, he is the most powerful prince with a secret identity as Silver, an SS-grade adventurer who manipulates forbidden ancient magic!",1.4553,/etpSosywRvOO8mds61uv3aSjhDF.jpg,2026-07-06,False,The Insipid Prince's Furtive Grab for the Throne,0.0,0
False,/9urSeJFXBJUIGSBaHYMqWbwB26Z.jpg,[10764],157824,['DE'],de,Prominent getrennt - Die Villa der Verflossenen,In this RTL show former celebrity couples are forced to work together to win the jackpot.,1.2462,/6EzNTj30Vk3V6L5ldVUGS3ReSIC.jpg,2022-02-15,False,Prominent getrennt - Die Villa der Verflossenen,7.0,1
False,/AfzpZvXPwk73J2l8UsoMxNio0cU.jpg,[18],324334,['GR'],el,Apo ilio se ilio,"Set against the historic 1916 miners' strike on the Greek island of Serifos, the series blends fiction with real events from a landmark moment in the labor movement. Perseas, the son of a miner killed in the island's dangerous tunnels, grows up under the guidance of his strong and unconventional mother, Katerineta, who teaches him to face life with courage and dignity. Forced by circumstance to follow his father's path, Perseas begins working in the harsh and perilous mines from dawn until dusk, struggling to survive in the island's unforgiving landscape. Amid exhausting labor and growing tensions between workers and mine owners, Perseas falls in love with Andromeda, the daughter of a man who stands against him and the miners' cause. Their relationship unfolds alongside the rising unrest of the workers, whose fight for fair treatment and humane working conditions becomes a defining moment in their lives and in the broader history of social struggle.",1.0486,/hDvNqfF6TWAhOlYAvlop1aisIft.jpg,2026-03-02,False,From Sunrise to Sunset,0.0,0
False,/9R15wIAjPnZqZkP1bZtTAGS7uT7.jpg,"[18, 10751, 35]",287618,"['ES', 'PE']",es,Eres Mi Sangre,,1.3502,/4yUw43LNRQKdaxToJVb4lDdfqqj.jpg,2025-04-01,False,Eres Mi Sangre,8.0,2
False,/c0g2ZOBLruVSqIHlvHyYToLzrAh.jpg,"[18, 35, 10751, 9648]",278620,"['ES', 'PE']",es,Nina de Azucar,,1.3774,/lUUBF3WYljJKiEy4ZlP3SX4N5DA.jpg,2024-12-02,False,Nina de Azucar,6.0,1
False,/2PzhPSYuqRo7GOPLjmJgZq3SlVh.jpg,[10764],324264,['US'],en,The Ultimate Rider,"The Ultimate Rider is a high-performance reality series built to find the next professional motocross athlete. Sixteen riders. Two weeks. No outside contact. No second chances. Through relentless training, competition, and pressure, riders are pushed to their limits—physically, mentally, and emotionally. There are no eliminations. Only performance. Only progression. At the end, one rider earns a contract—and a future in professional motocross.",2.5701,/tG8QDzwOwnxlHHrpZrjoqzswoVd.jpg,2026-06-07,False,The Ultimate Rider,10.0,1
False,/jF60ekaM3mfTF8cMCjMt4Hv74x7.jpg,[99],229732,['JP'],en,RAMEN JAPAN,"Ramen is a savory combination of umami-packed broth and perfectly cooked noodles. This program offers an encyclopedic view of this delectable dish, taking you on a journey across Japan to discover ever-evolving local variations. Join us as we explore a tapestry of local customs and food culture through the lens of ramen.",1.2842,/d6fOE9OyzCYh0Os5rbXvc2CV4c3.jpg,2023-06-21,False,RAMEN JAPAN,10.0,1
False,/aJ2hJVT3aWNeIdHk5SKYVIXYrhx.jpg,"[18, 35]",314441,['JP'],ja,コンビニ兄弟　テンダネス門司港こがね村店,"At a lively Mojiko convenience store, a charming manager and his mysterious brother turn everyday chaos into comedy, while a sharp-witted employee turns their antics into a viral webcomic.",1.5158,/7qd2EQWICqfEWF6KvW2xf7xiY3H.jpg,2026-04-28,False,Convenience Store Kyodai,0.0,0
False,/47TnvQKnRpFyK5vmrxD3fvxoQgg.jpg,"[10764, 35]",326072,['DK'],da,24 stjerners julikalender,,2.3307,/vT7tIZEIucIfMEToWRpTzP9QhAp.jpg,2026-06-23,False,24 stjerners julikalender,10.0,1
False,/lr5UEe8uYh0yxQ6894jRlJgrg8S.jpg,[10764],323041,['US'],en,Little Singles,"Living in an average sized world comes with daily challenges, from accessibility and social stigma to dating and self-confidence. In this house, everyone is on equal footing, creating a space where they can fully be themselves. What begins as a carefree getaway among friends quickly evolves into a chosen family experience. With a mix of personalities, relationship histories, and different forms of dwarfism, the group explores what love, honesty, and truly belonging really mean.",1.6964,/eTR7IIKuVTs7GpoGmL9zIxRRXXm.jpg,2026-06-15,False,Little Singles,8.0,1
False,/61vJHaFTn3o3ignKtZZoHscthlR.jpg,[99],213676,['AU'],en,Stuff the British Stole,"Follow Marc Fennell on a globe-trotting, emotional quest for the truth as he unravels the twisted mysteries behind six iconic and priceless objects taken by the British Empire and meets those who want them back.",1.1088,/jAqYgwBldbKiEdBeU7T0puqEaY.jpg,2022-11-01,False,Stuff the British Stole,5.5,4
False,/9iHO4CKLCCpqSV2FfLBdsi2Gp22.jpg,"[80, 99]",255805,['US'],en,Deadly Influence: The Social Media Murders,"Social Media Influencers seem to have it all — money, celebrity, power. But in these shocking true crime stories, there is a horrifying dark side to the fame, which reveals how these online dreams can quickly become blood-soaked nightmares.",1.178,/1aQ5HK1m9WLEOnlBcjiCmB2BuXV.jpg,2024-06-03,False,Deadly Influence: The Social Media Murders,6.5,4
False,,[],321645,['US'],en,Golden Cab,"Golden Cab is a critically acclaimed dramatic sitcom that showcases the profound emotional depth of Maureen Ruby Jackson. Set against the bustling, neon-lit streets of a modern metropolis, the series follows the lives of the eccentric and big-hearted drivers of the ""Golden Cab"" taxi company.

Maureen stars as Penny, a vulnerable yet resilient girl escaping a history of abuse. After a chance encounter with a kind-hearted driver, she is taken in by the Golden Cab ""family."" The show masterfully balances laugh-out-loud comedy with ""soul-stirring"" moments as Penny learns to trust again, using her hidden musical talents to bring hope to the weary passengers who enter her life.",1.0973,,2026-05-05,False,Golden Cab,0.0,0
False,/xOgcr2PAe8Vbg34qaZQ3Prok7Lv.jpg,[10764],276408,['PL'],pl,Awantura o kasę,,1.1749,/qeYToUSvLarlUSabMzTcYsAkKBs.jpg,2024-10-05,False,Awantura o kasę,0.0,0
False,/taaZBRjpMEBq4140fwm06zAWrcj.jpg,[99],196099,['GB'],en,Cornwall: A Year by the Sea,"Exploring Cornwall as a thriving county all year round. There may be a bountiful tourism industry, but Cornwall's proud and hard-working locals still farm the land and fish the sea, coming together for traditional celebrations throughout the year.",1.2913,/9IKHZd7WZEGSXUHDIzLvmAYwRa6.jpg,2022-03-25,False,Cornwall: A Year by the Sea,0.0,0
False,/8pW76cqzO8slSpBjTAuxYvwfFKM.jpg,[99],251409,['CN'],zh,徒步101,,1.0945,/vCqBU44q0DZrL3jvGazVVuReIij.jpg,2022-12-16,False,徒步101,0.0,0
False,/5uVU7hOfd9SRNtgl7woMJwycO74.jpg,[18],324551,['CN'],zh,帝师长安,"Luo Chang’an, a modern engineering prodigy, is reborn as a magistrate in the war-torn Jiuzhang County of ancient Anguo and uses unconventional economic strategies to rebuild it into a prosperous settlement, eventually drawing attention from the imperial court and rising into political influence beyond local governance.",1.4234,/3OPG43AEJmfa5xvvL5COoSW7ABu.jpg,2026-06-25,False,The Imperial Master,0.0,0
False,/82F7t5uoI9eYb6RyZvO6USNgcqF.jpg,"[80, 10767]",320935,['US'],en,Allegedly with Ellison Barber,"Hosted weekly by journalist Ellison Barber, this gripping podcast digs into the most captivating and talked about true crime cases.",1.7102,/hiYwO8s4BnCNwj7gc6khFbB8R9A.jpg,2026-04-29,False,Allegedly with Ellison Barber,0.0,0
False,/povQuesBJz9CzMYRGhUmGiWsOj8.jpg,"[10767, 10764]",285763,['US'],en,Weird Kids,"Ashley Johnson and Taliesin Jaffe deep dive into their lives as the Weird Kids! This is a formal invitation to all the misfits, outcasts, and weirdos to take a seat at our table and join these former child actors as they embrace their unique upbringings and celebrate all things weird and wonderful.",1.6344,/lSEioI7sqoIqoBAIQvryT6WXdZD.jpg,2025-03-25,False,Weird Kids,0.0,0
False,/5CUMHFNLc1cPpS6xBiUNWoa2XSE.jpg,"[16, 10765]",296436,['JP'],ja,無自覚聖女は今日も無意識に力を垂れ流す,"Overshadowed by her saintly sister Flora, plain Carolina seizes a chance to be useful by agreeing to political marriage with a prince rumored to be cruel. But the prince is nothing as expected—he’s a gentleman, and Carolina feels valued for once in her life. As Carolina blossoms, she discovers a sense of self-worth and a mysterious power, while Flora’s perfect life back home starts to crumble.",1.3406,/xrgC96oAFYSSjCysOg8oCAVzVSg.jpg,2026-06-30,False,The Oblivious Saint Can't Contain Her Power,0.0,0
False,/o7l7Gl4dUsQ4IELbLMO0RVPDjuz.jpg,"[10767, 10751]",124094,['JP'],ja,チコちゃんに叱られる!,"The show's main protagonist is the 5-year-old title character Chico-chan. An actor wears a costume with an oversize head to portray her, while the broadcasts show her face in 3D computer graphics, which allows for a variety of outrageous expressions and effects. Accompanied by comedian Takashi Okamura, the show features Chico-chan asking Okamura and others simple questions, such as ""Why do people wave their hands when they say goodbye?"" If they cannot answer properly, she spits out her sarcastic signature phrase, ""Botto ikiten ja ne-yo!"" (Don't sleep through life!) Yuichi Kimura provides the voice of Chico-chan.",1.6743,/kir3jODCaR2gTEWuI4U2DYNCn2s.jpg,2018-04-13,False,Chico Will Scold You!,0.0,0
False,/qbTnqNynOxlwGVY3UokSeFLkxQe.jpg,[],320064,['CN'],zh,七十二家房客-第18季（拆放）,,0.7783,/tszh9zsdr6tkZEl3lVoMI3n0LxZ.jpg,2026-04-18,False,七十二家房客-第18季（拆放）,0.0,0
False,/aPxfLACunhuDOAN1zzCLeXHBRLJ.jpg,"[18, 35]",324744,['AU'],en,Ina,"When driven TV producer Madeline is forced to cast her mother as the guest star of her cooking show, their simmering tensions boil over in a single shoot day where they might finally heal – or see their relationship go up in flames.",1.2435,/ahAiqgr9ovlij7GuLBC1RbeHNfc.jpg,2026-06-12,False,Ina,0.0,0
False,/bVRXFOcZDabgzl2TycG9hbYpAe2.jpg,[],257085,['TH'],th,ธาตรี,"After losing everything to his lavish lifestyle, bankrupt socialite Thatri Thatriphan crosses paths with a wealthy childhood friend who shares the same name. When a tragic train bombing leaves the friend incapacitated, Thatri is asked to assume his identity and claim a vast inheritance—pulling him into a risky deception that could either restore his fortune or destroy him completely.",1.1901,/qxQoOqocwjDQqKpi0H40hobEuUq.jpg,2026-06-08,False,The Two Faces of Thatri,0.0,0
False,/1J2Dw3e7vQfJezJa6x95x4HfdNA.jpg,[10764],271956,['BR'],pt,Show do Milhão,,1.1268,/dZtWN6HpH5pf5U89wibVw7WEmTG.jpg,1999-11-07,False,Show do Milhão,10.0,1
False,/4qj2w6P1gKCIggknGXEfBvj9Lqb.jpg,[16],296532,['CA'],en,Super Simple Draw,,1.4008,/ohFXoseOBEF5FQuzYFYrtNuEWSQ.jpg,2025-07-22,False,Super Simple Draw,10.0,1
False,/bqPajdAV7XjthJmhj60s1zfr01t.jpg,"[18, 80, 9648]",316567,['RU'],ru,След Чикатило,"The country is gradually moving away from the 90s, life is getting better and people are again attracted to the Black Sea resorts, where travelers along the way become victims of brutal murderers. In the pursuit of profit, they spare no one: neither women, nor the elderly, nor children. All attempts to get on the trail of criminals end in nothing and there is not a single serious clue in the case. At the same time, Vitaly Vitvitsky and his pregnant wife Irina Ovsyannikova go on vacation to the Crimea and themselves fall into the clutches of criminals, who turn out to be members of the ""Amazon Gang"", led by a certain Smallpox.",1.9306,/f0rXIdawekALnLCZwPUKCBGwSw.jpg,2026-05-21,False,Trail of Chikatilo,8.5,2
False,/pxFMlG44kdemKZNDAHyu3GZBq4b.jpg,[10767],249529,['ZA'],af,Laataand by Rian,The popular TV presenter Rian van Heerden is speaking directly to the country's biggest newsmakers to het the story behind the story.,1.1791,/dGNFZbUkLKLu1LsmukS7Qvq0fUZ.jpg,2023-07-04,False,Laataand by Rian,7.0,1
False,/52MaWq1WzMfhAqW591kQ754aZk1.jpg,[10764],284899,['US'],en,Drag House Rules,Seven iconic drag queens move into a house and are eliminated by group vote until only one queen remains.,1.4331,/iwuOioQ2jVh13hRqVP3j8XmTD04.jpg,2025-02-21,False,Drag House Rules,0.0,0
False,/hx7pdwwFfAORZk35pZdIphRI6VZ.jpg,"[9648, 18]",324647,['IR'],fa,کلاغ,"It seems that the theme of forbidden love has become the new favorite subject of the home theater network; in almost every work you watch, a forbidden love is involved. The story of Mahdavian's 'Crow' (Kalaagh) is no different. A middle-aged man falls in love with a young woman, a passionate and burning love that leads to nothing but darkness and destruction. Based on the released teaser, the story is about a pre-revolution army officer named Dariush who falls in love with a young woman named Saye. However, it appears that this young woman might be an infiltrator.""",1.051,/nQJLTyOKn8POkxutrkX46pXBxKH.jpg,2026-06-03,False,Crow,0.0,0
False,/g1aauzWYfNZXLkTgNvXFuB43v0l.jpg,[18],300808,['CN'],zh,国民老公带回家,"Qiao Anhao and Lu Jinnian enter a fake marriage because of Xu Jia Mu’s car accident, concealing their true feelings. Later, they join the same film crew and experience misunderstandings, mutual protection, and revelations about the past.",1.1504,/sYkUd2w2w4DwYOsr8hbANQVDS5m.jpg,2025-08-30,False,My National Husband,9.0,1
