adult,backdrop_path,genre_ids,id,title,original_language,original_title,overview,popularity,poster_path,release_date,softcore,video,vote_average,vote_count
False,/yf7OJzxWAg0LRFUMyp0Jpa2sRKY.jpg,[99],1400731,André Is an Idiot,en,André Is an Idiot,"André, a brilliant idiot, is dying because he didn’t get a colonoscopy. His sobering diagnosis, complete irreverence, and insatiable curiosity, send him on an unexpected journey learning how to die happily and ridiculously without losing his sense of humor.",1.1806,/lUDoDeCyobKik81PWUrBWOEV0qt.jpg,2026-02-06,False,False,6.4,5
False,/1cbVKqANTqSJYwdUgJBvBYj41Fq.jpg,"[10751, 35, 18]",1711959,Cheer Dad,en,Cheer Dad,"When a young girl and her family move to a new town, she yearns for a sense of belonging. She finds it by joining her school's cheerleading squad. Inspired by her new found love and dedication to the sport, her adoptive father comes out for support and is soon recruited as the assistant coach. As the father and daughter grow together, they'll see if they have what it takes to win the championship.",1.3728,/qgqEmhUrtEYORJXICBtzdkKo0E7.jpg,2026-06-19,False,False,0.0,0
False,/lUEkjPUVB491igmMtfKI7Pzv1qQ.jpg,"[80, 28]",1453778,Tokyo Burst: Crime City,ja,TOKYO BURST-犯罪都市-,"Rookie detective Aiba, a native of Tokyo's red-light district (with all the attitude and methods that entails), must team up with Cho, a counterpart from Seoul with equally questionable practices, to track down a dangerous criminal spreading terror across Japan, Korea, and the Philippines. While the relationship between the two investigators is frosty at first, they'll have to learn to work together quickly in the face of such a formidable adversary.",1.5168,/dh6MbZalAPQf7yMjRJ7I0U7XATX.jpg,2026-05-29,False,False,0.0,0
False,/lFfcRErLoDpzfOgh6Kq71L6uRQw.jpg,[35],1702350,Fallen Angels,en,Fallen Angels,"Two upper-class wives, their husbands away for the day, share a few toasts to their pre-marital dalliances—with the same man, who just may be en route from France to visit. Old rivalries and past scandals bubble to the surface in this intoxicating romp from one of theatre’s comedy masters.",1.0408,/cGFtW7u78pHJjdmlAfPspTvdZE5.jpg,2026-06-05,False,False,0.0,0
False,/k9Oe0KXL1qYnEddxr1WR4VkB8eW.jpg,"[18, 36]",1310830,Fuori,it,Fuori,"Rome. The 1980s. After the magnum opus The Art of Joy she has been working on for a decade is rejected by the Italian publishing world, writer Goliarda Sapienza commits a desperate theft that costs her her reputation and social position. Incarcerated in Italy’s largest female prison, she finds herself living alongside thieves, junkies, sex workers and revolutionaries. After her release, she continues to meet with these women and over the course of a sweltering summer, a life-changing relationship flowers – a relationship that will reawaken her the desire to live and to write.",1.0715,/gxSkBOfTEOX2f6KhqMFSXf24nMo.jpg,2025-05-22,False,False,6.448,97
False,/1bcX2146IaCIMwfrBUUymaUo1Km.jpg,[18],1135582,Dao,fr,Dao,"A family weaves the threads of a heritage that travels between worlds. Joy and pain, memory and transmission. A wedding in France, a commemorative ceremony in Guinea-Bissau. Two celebrations, organically intertwined through bodies and time, leading to a rebirth.",0.9631,/ehsdt10j3GBcQWlzUb00egBqHYh.jpg,2026-04-29,False,False,5.3,3
False,/e7UYYcBdxfS4GmtAodJcUp8taWR.jpg,"[35, 10751]",1704406,Un dîner pas si parfait,fr,Un dîner pas si parfait,"A family meal, political discussions, tears, shouts, a grandmother dying, a detective doing his detective work, and maybe a murderer to catch...",1.6984,/6TbVzcVJQ0WYTY1XaLPNxkTMCBR.jpg,2026-05-29,False,False,10.0,1
False,/zhSELy6slpnyDTkCX8bIyBtwoK6.jpg,"[35, 18]",469,Stranger Than Paradise,en,Stranger Than Paradise,"New York layabout Willie forms an unexpected bond with his young Hungarian cousin Eva when she pays him a surprise visit. Later, Eva moves in with their aunt in Cleveland, and Willie takes his best friend Eddie to see her—a visit that culminates in a strange, eventful trip to Florida.",1.1551,/Q9wdlNjBOti4JhAjAQXphzShw3.jpg,1984-10-01,False,False,7.2,607
False,,"[9648, 35, 80]",1719497,Kill the Clue,en,Kill the Clue,A party takes a mysterious turn when a guest is found dead!,1.9974,/hQJ7SUapQ2wav16RJnBugNfLQPZ.jpg,2026-06-23,False,False,10.0,1
False,/7zYv5ALbG62yHd2T495PysgQPky.jpg,"[53, 80]",1715076,The Exhibitor,en,The Exhibitor,"As murders begin to surface around hotels and expos, suspicion around Vi begins to close in. With her past resurfacing and her behavior growing harder to read, one question lingers: What is she really hiding?",1.1647,/2UYuQQLOBhVErrAToXakLnX0iMG.jpg,2026-06-17,False,False,2.0,1
False,/g1e4eGYySgxwAV6Uu1R7f6eOwsr.jpg,"[35, 18, 878]",1474225,Alive,ca,Viva,"After coming face to face with death, 40-year-old Nora is consumed by an urgent need to feel alive. She dives into passionate relationships with two very different men, Tom and Max, whose opposing natures reflect her own inner conflict. But when neither can fill the void, Nora is forced to face the truth, she will have to confront a deeper fear driving her hunger for life.",1.1893,/4QxSjmKHNRkSlsKSsLlk5c4fHlU.jpg,2026-06-19,False,False,0.0,0
False,/dpxJsYFONEFN2fLdZ1LGvJDdERd.jpg,"[14, 28, 10749]",1428299,Achilles Returns,en,Achilles Returns,"After many years, with help of Thetis and negotiations between Zeus and Hades, an aged Achilles is released from the Underworld into a modern world.",1.1409,/1K6o5Tdno278HYHmsxDQtjgxw5m.jpg,2026-05-25,False,False,9.5,2
False,/zMUpz5hwrkCy5jQWQZpuyOcUZJh.jpg,[35],1718300,Dodo e la Principessa,it,Dodo e la Principessa,,1.7819,/bX4y33NtLfE93khcvRKAqDNVWnW.jpg,2026-06-08,False,False,10.0,1
False,/erHtLOeeqlX9zpmT4tbhToGSjjc.jpg,[99],1713222,Madonna & Graham,en,Madonna & Graham,"Graham Norton sits down with the 'Queen of Pop', singer-songwriter, record producer, actress, entrepreneur, charity founder and LGBT rights and gender equality activist Madonna. The pair discuss her lengthy career in which she has achieved 18 multi-platinum albums globally, seven Grammy Awards, two Golden Globe Awards, twenty MTV Video Music Awards and an induction to the Rock and Roll Hall of Fame.",1.6069,/aqd7kiDy5QbUgTgR2X89dlYuutj.jpg,2026-06-26,False,False,0.0,0
False,/eWR2hyNzsggNRisHsgUdHNyaWIl.jpg,"[10749, 35, 18]",1580803,Susana and Elvira: No Plan B,es,Susana y Elvira: Sin plan B,"Susana and Elvira, two former best friends, reunite after two years apart to organize the celebrity wedding of the year.",1.042,/fwIF80Lf017RyGKUMGgn37eRCg3.jpg,2026-05-28,False,False,0.0,0
False,/7SzUd9CzaCmrWu8BbYDmE9LPMml.jpg,"[18, 36]",1314235,Triumph of the Heart,pl,Triumf serca,"The extraordinary true story of St. Maximilian Kolbe, a Polish Catholic priest who volunteered to die in place of another man in Auschwitz during World War II.",0.7885,/9FP30aoKo3SV9Eobb7a0RBD6DwK.jpg,2025-09-12,False,False,6.444,9
False,,[35],962772,Strawberry Fields Forever,fr,Un champ de fraises pour l’éternité,The year-round residents in a lakeside campsite have to leave because of a sale.,1.1232,/mbGLiN85NAhNwFkiafaWbglhixb.jpg,2026-07-01,False,False,0.0,0
False,/pGMA8NsyLj7txfrInp0nMt3fT8S.jpg,"[99, 35]",1720206,Rik Mayall: Magnificent B'stard,en,Rik Mayall: Magnificent B'stard,"From early sketches to standout performances, Mayall's fearless comedy bursts with energy and intent, capturing a pivotal moment in British comedy while delivering pure entertainment.",1.3311,/u01paGs0YEyUea8a3q9MyV9IMJ0.jpg,2026-06-25,False,False,0.0,0
False,/oJXxxTpyEQyu0QOt3lCq6Ej5g5G.jpg,[18],1149764,Sukkwan Island,en,Sukkwan Island,"In an effort to reconnect with his estranged father, 13-year-old Roy agrees to spend a formative year of adventure on the remote Sukkwan Island deep in the Norwegian fjords. What starts as a chance to rebuild their relationship quickly descends into a test of survival as they face the harsh realities of their environment and confront their unresolved turmoil.",1.0522,/uu2MUD6vCJ6MN2BhcWPVysSND7V.jpg,2026-04-29,False,False,4.5,4
False,/9ZVE3TU54ycFDVollDl0wDOgXRM.jpg,[99],1717357,Charbonneurs,fr,Charbonneurs,,2.0531,/t6ofmafGtKDwfGUKkxLtdfEdlPj.jpg,2026-06-19,False,False,10.0,1
False,/hiZLoo6joFeqkPZRlvG1zEw5q0.jpg,"[35, 878]",805627,Beyond the Infinite Two Minutes,ja,ドロステのはてで僕ら,"A cafe owner discovers that the TV in his cafe suddenly shows images from the future, but only two minutes into the future.",1.1283,/kIKcksbl6dbmxTMS1wq15iFkBnB.jpg,2020-06-05,False,False,7.256,301
False,/lNQD8NdJ37winY0xEwjp9hUFqLX.jpg,"[16, 10751]",1189423,The Sloth Lane,en,The Sloth Lane,"After a terrifying storm destroys their home, a speedy sloth named Laura and her kooky family move to the big city in their rusted old food truck, Gordito, hoping to make their business a success. The family's delicious food catches the eye of a quick-witted cheetah who will stop at nothing to revive her failing fast-food business.",1.1504,/toBN1A9AnhoUzXyu9gaVyQVJehp.jpg,2024-07-25,False,False,6.5,28
False,/u2llIPjyx8Orj5gCNeUo4sKj75b.jpg,[18],1460837,Un petit air de bonheur,fr,Un petit air de bonheur,,1.2713,/AdT8iPiAlqch8RS5nyj7SjHjfWK.jpg,2026-06-22,False,False,0.0,0
False,,"[18, 80, 53]",1087393,The Leader,en,The Leader,"In 1997, thirty-nine members of the American cult known as ""Heaven's Gate"" committed the largest mass suicide to ever take place on American soil. This is their story.",1.0003,/tIYqwFRYqWNiDoVpUQBMbMMl40V.jpg,2026-06-05,False,False,0.0,0
False,/2ws3k2uwYT1vHE9wfm3OOAwJhX5.jpg,"[35, 18]",1466123,Crescendo,fr,L'Objet du délit,"Behind the scenes of an ambitious staging of the opera The Marriage of Figaro, an accusation of sexual assault emerges, upsetting the balance of the cast. The film explores the tensions linked to generational conflicts and individual stances, in an artistic context in crisis.",0.9333,/zaelAsLVXfb4j3rcqUZaTclr7iW.jpg,2026-05-27,False,False,6.786,28
False,/dqGrS8O1zAljNuVejcESTUh0QRv.jpg,[878],1715529,La Apoteosis de los Reyes,es,La Apoteosis de los Reyes,,1.7663,/4og1InJqDaJ0OCvVcYi3CUP2HI8.jpg,2026-06-10,False,False,10.0,1
False,,"[35, 18, 10749]",1680104,PASTIS,fr,PASTIS,"Sasha, 20, returns to her family’s sun-soaked home in the south of France with her friends—her first visit since her older sister’s death. What begins as an idyllic summer escape slowly curdles into something far more suffocating.",0.6425,/2tvmc2lvrfN5pEcntvzxAWfrdst.jpg,2026-06-30,False,False,0.0,0
False,/1rHfxW2OtNUDV6d3rpRnHRZYMhp.jpg,"[99, 10402]",1715920,Eyes I,en,Ojos,A set of eyes of several women.,1.8789,/6Mrz9qPyJRsiN1WP4uGmImGTxjk.jpg,2026-06-26,False,False,10.0,1
False,/lSWrowSCSbistjOc1WRqN8tT74U.jpg,[18],1616184,I Understand Your Displeasure,de,Ich verstehe Ihren Unmut,"Heike works at a cleaning company, where every day she has to handle her team’s struggles, the pressure of delivering a spotless job, and the need to keep clients and boss happy. When a powerful subcontractor threatens to withdraw his support if she does not provide more work for his team, Heike faces a difficult choice. To comply, she must sacrifice one of her own employees. As the pressure closes in, Heike must decide how far she is willing to go to meet the job’s ruthless demands.",1.2132,/rVw6rRn4vPaKDgUaxD0iZXXlXCg.jpg,2026-06-04,False,False,8.0,2
False,/sBIml6dZBeLuxlNLHY4jCA24AUd.jpg,[35],1718416,Swechha Teeram,te,Swechha Teeram,A young man's plan to impress his girlfriend's father takes a comic turn when their meeting turns into a challenge that could decide the future of their love.,2.0113,/hrl4reC8Exw8FcgLISIr3EnYnir.jpg,2026-06-21,False,False,0.0,0
False,/3RNtHIeAud9mZqO58v8wfcUCML9.jpg,[35],1680882,The Founder5 II: Unfinished Business,id,The Founder5 II: Unfinished Business,"Grander, bolder and sharper, the Founder5 returns to the stage with other talented comedians for more standup, improv and sketch comedy.",0.9632,/f6mE4eVz8LC2jUstLjb7quq72Tb.jpg,2026-06-11,False,False,0.0,0
False,/oRhcGMz4kn9TQeqLuPGdGc4isxb.jpg,"[35, 27, 28, 12]",1035190,The VelociPastor 2,en,The VelociPastor 2,"The perfect movie DOES exist! Doug and Carol travel to the port city of Milan, where they have to solve a series of murders committed by a masked slasher at an Italian Fertility Festival. And Soviet Spies. INTERPOL’s there, too.",0.9346,/z66BFw33Gdla0dQATHxS2jC6YNo.jpg,2026-06-11,False,False,0.0,0
False,/bkUkx4PIDkeIFqrTESS7rnBKDaD.jpg,[18],1288220,A Mosquito in the Ear,en,A Mosquito in the Ear,"Andrew and Daniela travel to Goa, India, to meet their newly adopted 4-year-old daughter, Sarvari, and bring her back to the US. However, their world begins to crumble when Sarvari refuses to leave the orphanage that she calls home behind. The couple’s attempts to welcome their child into her new family and travel back with her prove to be a chaotic challenge that not only tests their patience but also profoundly reshapes their ideas of family, parenthood, and their relationship as a couple.",0.9236,/kiU9L3YUi8IWmsZw8V1YHiwYtqE.jpg,2026-06-11,False,False,0.0,0
False,/swzcHVmtGZf7pGa9BCqJeRzFNgC.jpg,[],1639683,AEW Double or Nothing 2026,en,AEW Double or Nothing 2026,"The 2026 Double or Nothing was a professional wrestling pay-per-view produced by All Elite Wrestling (AEW) that took place on May 24, 2026, at Louis Armstrong Stadium in New York City, New York, USA. It featured the first quarter-final matches of the 2026 Owen Hart Foundation Tournaments for both the men and women, as well as the long-anticipated AEW International Championship match between Don Callis Family members Kazuchika Okada (c) and Konosuke Takeshita. The show was headlined by Darby Allin (c) vs. MJF in a Title vs. Hair match for the AEW World Championship, where MJF would have to shave his head bald if he lost.",1.196,/hrjKU3dqlOUQ0aEyDgmnl9WSiY7.jpg,2026-05-24,False,False,9.423,13
False,,"[18, 36]",1213643,Killing Castro,en,Killing Castro,Centered on true events when Cuban revolution leader Fidel Castro visited New York City and stayed in Harlem in 1960.,1.2067,/9GxigbIRIDpQoIdyfD50cDKoApx.jpg,2026-06-09,False,False,0.0,0
False,,[16],1718546,Eclosión,es,Eclosión,"In a forgotten laboratory, a brilliant but obsessed inventor brings to life his most promising creation: the Hatchling. Fragile yet full of promise, the creature becomes the focus of both care and experimentation. As the line between legacy and control begins to blur, Eclosión explores the price of perfection and whether love can survive obsession.",1.6576,/cR1niJEA6U7w6JxCZCUN7Pq6pw2.jpg,2026-06-20,False,False,0.0,0
False,/owTaDytWH8nJXEnadKroioPtifY.jpg,"[10402, 99]",1702619,Billions Club Live with Olivia Rodrigo: A Concert Film,en,Billions Club Live with Olivia Rodrigo: A Concert Film,"Live from Barcelona, Olivia Rodrigo takes her top fans on an emotional ride through her biggest songs during a one-night-only Billions Club Live concert. From her Billions Club hits to her new single ""drop dead,"" along with a few fan favorites, it all unravels in one unforgettable live performance.",1.4492,/1tBAfhRPI9VP5igDDClbfGrXQDf.jpg,2026-05-27,False,False,0.0,0
False,,"[35, 10751]",1498047,Abuela tremenda,es,Abuela tremenda,"Toñi, an eccentric grandmother, gets by between failed businesses and a carefree attitude. Her daughter Daniela, a stressed executive and single mom, wants to keep her away.",0.9913,/egA23OX1s00GyfJiYXv5hZFHgJU.jpg,2026-01-01,False,False,6.0,2
False,/9Q6MewIguo81XAo3QDZ1IUHUqBB.jpg,[18],1599438,Treat Her Like a Lady,nl,Treat Her Like a Lady,"When single mother Sandra, full of unwavering energy, is evicted from her apartment by the Dutch government due to fraud, she convinces her daughters Harrie and Stella that their emergency shelter is a holiday hotel. Taking care of her children while being the main breadwinner seems impossible, but Sandra won't go down without a fight: with heroism and creativity, she gives her daughters the best summer of their lives.",0.8812,/lyjTzevJIVyGCgWUKFNuY6Mb72J.jpg,2026-05-28,False,False,0.0,0
False,/eIAv8gvn1VJGIxGNZ88C8A0bkHl.jpg,"[16, 18, 14]",1470329,Another World,cn,世外,"After death, before reincarnation, the souls of the deceased transit through a fantastical realm known as, Another World. Gudo is a spirit that helps to guide these transient souls to their reincarnation. While guiding a young girl named Yuri, he learns that humans have emotions that he does not understand. Tasked by Goddess Mira to help Yuri control her rage and prevent her transformation into a monster, Gudo embarks on a perilous mission.",1.2737,/xASHAAVfLCUNOSQcxM5xtp8cRqo.jpg,2025-10-29,False,False,7.6,5
False,/eIAv8gvn1VJGIxGNZ88C8A0bkHl.jpg,"[16, 18, 14]",1470329,Another World,cn,世外,"After death, before reincarnation, the souls of the deceased transit through a fantastical realm known as, Another World. Gudo is a spirit that helps to guide these transient souls to their reincarnation. While guiding a young girl named Yuri, he learns that humans have emotions that he does not understand. Tasked by Goddess Mira to help Yuri control her rage and prevent her transformation into a monster, Gudo embarks on a perilous mission.",1.2737,/xASHAAVfLCUNOSQcxM5xtp8cRqo.jpg,2025-10-29,False,False,7.6,5
False,/jkPN96gMMmO4Kh2rjzSHPOgrUms.jpg,[99],1595126,Far from Maine,en,Far from Maine,"Haunted by the killing by Israeli police of a Palestinian friend from his youth, an Israeli queer filmmaker embarks on a cinematic dialogue across time — confronting memory, friendship, and the genocide unfolding today.  In this intimate cinematic letter, Israeli filmmaker Roy Cohen addresses his Palestinian friend and fellow peace activist Aseel Aslih, who was murdered by Israeli police in their youth. Cohen tells Aslih of his experiences navigating a growingly genocidal society and seeks Aslih’s moral clarity and resilience in the evocative letters he had written as a teenager.",1.0153,/bkAAyyhljHGnFHzFNWuRPHSQzFO.jpg,2026-06-14,False,False,0.0,0
False,/fIPpdk1QvQZhS2w694RXo7Pqc4s.jpg,"[35, 10749]",1705390,Project Baby,tl,Project Baby,"The story follows Sandy, a 30-something advertising executive who, fearing her biological clock is ticking, launches ""Project Baby""—a step-by-step mission to conceive a child on her own terms with a no-strings-attached donor. She selects Migo, a sensitive artist, but quickly realizes that meticulous plans can't account for human emotion.",1.0837,/oYFVMmrmAW46KYdCYqvDbxU6qgj.jpg,2026-06-10,False,False,0.0,0
False,/gLZ4IwHtKCkV4qgF1Hgms6ZCkuh.jpg,"[80, 28]",1716009,Back In the Game,zh,重出江湖,"Eight years ago, Jiale, a senior member in the gang, takes the blame for his brother and goes to prison. After his release, he wants to live peacefully in a small coastal town, away from the underworld. However, his former boss, Rong, intends to hand over the gang to him, while Huoshan, who rose to power thanks to Jiale's sacrifice, sees his return as a huge threat. As power, lies, and old grudges intertwine, Jiale has no choice but to return to the underworld. Along the way, he saves Jiehe, a girl with a music dream on the verge of despair, and she becomes a glimmer of light in his dark life. To protect the ones he cherishes and account for his past, he picks up the knife again. A thrilling gunfight breaks out in the dark alleys of the city, and he turns the tables time and again with his skills. Tearing off Huoshan's disguise, the truth from eight years ago comes to light.",1.0728,/6ZJd8XJE97jv6ylpkiA85w68lSc.jpg,2026-06-23,False,False,1.0,1
False,,"[16, 28, 14]",1174145,钟馗,zh,钟馗,"A girl meets Zhong Kui, the deity who vanquishes ghosts and demons. Partnering to solve cases, they discover a great conspiracy against the mortal realm.",1.43,/zsWPTAfEI6ealbmIpw0G6QArSSc.jpg,2026-05-30,False,False,6.0,1
False,/sa5JxP37pQs2pGdebBcqFqZzkUe.jpg,[99],1535470,Ask E. Jean,en,Ask E. Jean,"The thrilling story of E. Jean Carroll’s life, from her early days as Miss Cheerleader USA to her rise as a trailblazing journalist, author, and beloved advice columnist. Carroll broke barriers as the first female editor at Esquire, Playboy, and Outside, helping to redefine women’s roles in media with her sharp wit and fearless voice. In recent years, she reignited public discourse by standing up to power, becoming the only woman to beat Donald Trump twice in court, and sparking a national conversation about truth, accountability, and resilience. A portrait of an indomitable woman who proved it’s never too late to reclaim your voice, rewrite your story, and change the world.",0.955,/yFZ40JJcjJM7u5tfZFFb9lrF6Yt.jpg,2026-05-22,False,False,10.0,1
False,/1mhrwIVNdhqnkEakDTm80X3TNr8.jpg,"[35, 18, 10749]",64736,Piter FM,ru,Питер FM,"Masha, who works for a radio station, and Maxim, a street sweeper with an architectural degree, cross paths with each other when they are at an indecisive point in their lives.",1.0354,/5OBg9S8JCH7AFNQ7LDb3pJbBX4f.jpg,2006-04-20,False,False,6.714,91
False,/9XBVJBj8smienzhkZ2ocW7fytWZ.jpg,"[16, 12, 10751]",785429,OZI: Voice of the Forest,en,OZI: Voice of the Forest,"Separated from her parents when their forest home is destroyed, Ozi is taken in by kind wildlife sanctuary owners who keep her safe and slowly teach her to communicate through sign language. With the combination of her new skills and natural talent for social media, Ozi soon has a worldwide following. When she learns that her parents might be alive, Ozi sets off on a quest to find them and to tell the world what is happening to the rainforest before it’s too late. With help from new friends, cheeky monkey Chance and loveable rhino Honkus, Ozi discovers that one voice really can change the world.",1.2642,/2O61Y82HdokuI5mYCJ3mO5fez5Z.jpg,2024-03-07,False,False,6.2,22
False,/3tRpP9hHP68ceDc20ldJSDPYcVD.jpg,"[28, 18]",1720282,Night of Champions 2026,en,Night of Champions 2026,"The 2026 Night of Champions, also promoted as Night of Champions: Riyadh, is a professional wrestling pay-per-view and livestreaming event produced by the American company WWE. It is the 12th Night of Champions in history and took place on Saturday, June 27, 2026.",2.2368,/jPWp1JcSLLcnhjOTFU3iUeURxph.jpg,2026-06-27,False,False,4.0,1
False,/moIT94PKyO2ksm0At3dGkIyYgus.jpg,"[53, 80, 27, 18]",1567299,The Punishment Tapes,en,The Punishment Tapes,"Julia, a renowned crime journalist celebrated for exposing and bringing down the notorious serial killer Gianni Lenzi, finds herself drawn into a darker chapter when she receives a mysterious package-a collection of disturbing snuff films. The sender: Milian, an infamous underground filmmaker known for his grotesque and brutal work. Invited to his secluded home for an exclusive interview, Julia agrees, driven by curiosity and the promise of another explosive story. But as the camera rolls and the truth begins to unravel, Julia discovers that Milian's latest production may be more personal-and more dangerous-than she ever imagined.",0.7717,/2cCuFtMTAIz861iDUDJcFSDvRxn.jpg,2026-06-26,False,False,0.0,0
False,/5mYHuudew3ZZJPRgxBdVqd6cgwI.jpg,[10402],1552513,Andy Lau “TODAY…is the Day” Hong Kong Concert Tour 2024/25,cn,刘德华《今天…is the Day》迴演唱會2024/2025 - 香港站,"This concert was professionally filmed for the Hong Kong show, as part of Andy Lau's most recent tour across 72 shows from 5th July 2024 to 10th January 2025",0.9645,/nWV0Jp0ii6UC5UWnFZSqP8w06KD.jpg,2026-06-18,False,False,0.0,0
False,/osRk1LHcchuSm160br0b5hDEihu.jpg,"[12, 18, 35, 37]",1713882,Crash,en,Crash,"After surviving a tragic car accident, a man with a learner's licence and a dead phone must find his way home while battling the grief of losing his cousin.",2.2063,/r7xWhjthlKr16InOOsFrkjQHMiz.jpg,2026-06-10,False,False,0.0,0
False,/2sNRbmmfmYmtuRNKHXZLeQLYHyi.jpg,"[35, 10751, 18]",1687243,Home Along da Riles: Da Reunion,tl,Home Along da Riles: Da Reunion,"Years after Kevin Cosme's death, his children strive to uphold the values he taught them. Tensions arise when Bing announces her plan to marry her mysterious long-time boyfriend, prompting her brothers Bill, Bob, Baldo, and Estong to attempt to stop the wedding. Meanwhile, Azon, Kevin's widow, becomes saddened by the children's growing disunity and apparent abandonment of the values they were raised with, while imagining visions of Kevin as if he were still alive.",0.9084,/ldS999jAdE2r4xGo3jbsy37c8eG.jpg,2026-06-17,False,False,2.0,1
False,/ylOZ6sD51Bu1Jzsfk5hSwBnh0vT.jpg,"[16, 10751, 14, 12]",1280405,Out of the Nest,th,องครักษ์พิทักษ์เจี๊ยบ,"Teenage delivery boy Arthur the Goat wants nothing more than to be Castilia's greatest barber. When the royal fledglings are taken, it falls to Arthur to rescue them and save the kingdom, but first he must discover his own past.",1.4235,/wko3GEAMPbOYpH0COlQhLDZOqbw.jpg,2024-09-05,False,False,7.0,3
False,/zihczzQLrtNufyLoofytqQi6yep.jpg,"[16, 10751]",1571101,Evolution,en,Evolution,"When an alien substance mixes Zoe’s DNA with that of her exotic pets, a hilarious adventure begins where humans turn into animals, animals turn into humans, and everyone must come to an agreement to save the world.",0.83,/ielGGCuBi0aSB5S4ZpHV1pQyrMz.jpg,2026-02-06,False,False,5.8,4
False,,"[28, 18]",1510055,The Furious,ms,The Furious: Pertaruhan Maruah,"When YouTuber-boxer Danial insults their late father's name, brothers Firdaus and Hakim reunite - one fighting for redemption, the other for revenge - in a battle that will decide not just who wins, but what remains of The Furious legacy.",1.1906,/zeee0i2ccjreLQSSwrSJxrriNxA.jpg,2026-05-28,False,False,6.0,1
False,/xY71ZRWTbPQy5vSDMJ30dPO4KgI.jpg,"[53, 27]",1480613,La silla,es,La silla,,0.8772,/uC0yE8mjaEVFojev1taQiGDQTat.jpg,2026-05-29,False,False,5.0,1
False,,[10402],1716370,7 Piano Sketches,en,7 Piano Sketches,"A piano tuner wanders through the streets of New York after dark, seeking artistic inspiration. Sketchbook in hand, he observes the city’s lovers, mourners, and giant ants from afar. But when a twist of fate brings him face-to-face with a kindred spirit, he finds what he was looking for all along.",1.5066,/a9WGi2q2gpP3V3vdvb0K4NJB9mM.jpg,2026-06-19,False,False,6.5,2
False,/orTQxcx2aoNpx1DIKTjBzpzvzd0.jpg,"[27, 14]",1130053,Cinderella's Curse,en,Cinderella's Curse,"Desperate Cinderella summons her fairy godmother from an ancient flesh-bound book, seeking revenge on her evil stepmother and stepsisters who abuse and torment her daily.",1.2342,/8M4G8mRPCFE3kkNhDyUd5KpKiAs.jpg,2024-05-31,False,False,5.873,83
False,/oQdxVkOZmxS5Z11Ve4XL8Z2uSdy.jpg,"[35, 10751]",1468380,Pickleball,en,Pickleball,"When foreclosure threatens their community center, Father Joseph rallies his late friend’s sons into an underdog pickleball team for a $100,000 tournament—against a cocky tennis legend determined to seize the courts and steal the spotlight.",0.8921,/brNv2N2wCIWSl5PrfJikj5wvY8g.jpg,2026-06-19,False,False,0.0,0
False,/xpuF8FQd8YonOrNxE7rXaSBQkwC.jpg,"[28, 80]",1265948,The Guardian,ko,납치 48시간,,1.3978,/ifuoiLIERaYnB8E70VtAYvPL1t3.jpg,2026-06-17,False,False,1.0,1
False,/y4FWL9GizoQdqdVggSZZM0TBFwk.jpg,"[99, 18]",1207878,Taming The Beast,en,Taming The Beast,The world strongest man learns how to embrace his mental health challenges by confronting his inner demons and dealing with his biggest failure to date which ultimately changes his life.,0.856,/8TAryZDlMtPnZo2Vht4z29Zs6d2.jpg,2026-06-03,False,False,0.0,0
False,,[18],1718096,The Letter,en,De Brief,"A young postwoman tries to rebuild her relationship with her father, coming to terms with the pain of abandonment, the weight of the past and new bonds.",1.6019,/efSFU48BvJw3XDXMx2wtKg7LdPD.jpg,2026-06-26,False,False,0.0,0
False,/n0eBkw4SCrPI2lEjru5kiwKbgU7.jpg,"[18, 80]",243885,True Story of a Woman in Jail: Hell of Love,ja,新・実録おんな鑑別所　恋獄,"Mayumi is sent to jail after brutally attacking her partner and his mistress. Sent to live in Cell 31, the women there couldn't be more different... they are very religious, sing hymns and discuss the Bible.  A fight with a rival cell block starts a bloody and vicious war in the jail... one where the warden and guards seek vengeance on the women with brutal torture and sexual humiliation.  When a new inmate arrives and Mayumi recognizes her, all hell breaks loose!",1.2501,/uJBHypX9ZzTOKgBRdPvNGHP7axo.jpg,1976-01-24,False,False,5.2,6
False,/8hUPAKKxU20sq8oyAUnK19zCzsi.jpg,[99],1693201,Poldi,de,Poldi,"Footballer, entrepreneur, fan favorite and true community hero — Lukas Podolski reflects on his journey and what comes next in this intimate documentary.",1.2163,/euscz6PC9uHa2oLybmBUtgdyafh.jpg,2026-06-04,False,False,6.95,10
False,/lln5KKGNX4djUCj0DB6vsICEFZg.jpg,[35],1718389,Alerta Roja,es,Alerta Roja,Midpoint Presents: Alerta Roja (Red Alert)  She entered the bathroom thinking she'd only be there for a few minutes...  Based on unfortunately possible events.,2.2155,/saA21cEmbEVaa63Ck0p3KW3WXia.jpg,2026-06-19,False,False,0.0,0
False,/yxKw7DH4aqexI1rBkUnG5rtwaiL.jpg,"[10749, 18, 14]",1565790,Double Occupancy,ta,டபுல் ஆக்குபண்சி,"Rajini transforms between woman by day and man by night, hiding this gender swap from partners creating tangled complications.",0.9069,/m0rN6dUnvAAjIwKDLRSIdkrZcBA.jpg,2026-06-12,False,False,0.0,0
False,/kYwB0bUgikIis5x65oMWC3TK5p8.jpg,"[53, 18, 27]",1719117,Luminesence,id,Pendar,"In a ruined city consumed by a lethal entity of light, a partially blind teenager and his older sister fight to survive. But when a mysterious encounter disrupts their fragile existence, they are forced to face their deepest fears and long-buried desires.",2.8567,/hCvpJVKZMeK20GPSxpcjtanluy8.jpg,2026-06-22,False,False,9.0,1
False,/gMpRGH5uGkPLdbnQkxxE6IPKJOf.jpg,"[35, 80, 53]",1275998,Lake George,en,Lake George,"Newly released from prison, a white-collar criminal, used to dealing with numbers, is tasked with one last job by his boss: kill the boss’ girlfriend before she talks.",1.0993,/7nqwvs1DORz65GtV7MeNBfqBxQW.jpg,2024-12-06,False,False,6.345,33
False,/wU4Q5PxHiGLgx42aM3NWdINF1kN.jpg,[80],1718394,Mi vecina la buchona,es,Mi vecina la buchona,A federal agent moves to a town controlled by organized crime to keep an eye on a feared hitman. Getting too close to her target could jeopardize the entire mission.,1.5544,/bZCfjc7Rqj4u4GdNsCK3xSW9UiF.jpg,2026-05-20,False,False,0.0,0
False,/vRHqW0ub2i36cmxrp2DlhM8mjUk.jpg,"[35, 10749, 18]",1421977,Fantasy Life,en,Fantasy Life,"An anxious New York law school dropout stumbles into a job babysitting his psychiatrist's three granddaughters and falls for the girls' mother, an actress in a rocky marriage.",0.9141,/e0qtdCm7TJGRfMv0tmdP8DsOy3U.jpg,2026-03-27,False,False,6.222,9
False,/a2mQeMOVBWDm3n08mzn1ELtv8wz.jpg,[18],185701,Snake Hole,ja,団鬼六　蛇の穴,Due to a past trauma an elegant wife cannot enjoy her husband attentions in bed. Undeterred he hires a B&D master to give him a few pointers on how to reignite her repressed erotic desires.,1.2666,/djORbak3qNoKPa7yKM1S7Z6oXhI.jpg,1983-02-25,False,False,3.0,4
False,/f0DtHFBZwcR2ag2WoAosAwz7kCz.jpg,[27],1629051,Never After Dark,ja,Never After Dark,"A traveling psychic who helps lost souls cross over encounters a powerful entity at a remote house. While investigating its origins, she uncovers dark secrets and faces a deadly threat from an unexpected source.",1.0739,/4rDgzOCBREeTaqZvTeFtEcnrju8.jpg,2026-06-05,False,False,0.0,0
False,/10VhwPKHfslWs7CQfUj88Hj2GiN.jpg,[18],1598210,Lifeline,bn,লাইফলাইন,"How far would you go, and what would you risk for the one you love? What drives Ananya, a city girl, to this distant village and where will her journey lead?",1.0508,/6LoT8EnKBLtmft69D29WNIjK1Gv.jpg,2026-06-21,False,False,6.0,1
False,/r7Vbj48FLOLGxm3PWWHNpzQ80ye.jpg,"[18, 10749, 9648]",1705491,Strangers in the Mountain,zh,山中来客,"In the 1990s, two police officers ventured into the mountains along Zhejiang's Shanxi Stream to track down a suspect from an old case. As they dug deeper into the past, long-buried memories resurfaced, stirring poignant recollections among everyone involved about Zhang Xue, the person who had gone missing.",1.1194,/ttyP33aDVMrOJUARCRH9V5FL1QK.jpg,2026-06-19,False,False,0.0,0
False,/an4PaIJnWhGdBVXS1jGKTdGvgwN.jpg,[18],1376450,Pieces of a Foreign Life,fr,L’Étrangère,"Woman flees war-torn Syria, leaving family behind. Seeking asylum in Bordeaux, she meets French lawyer who helps her rebuild life. Unexpected relationship forms between them amid her struggle to resettle.",0.9228,/joEFUQTF4ZDdacGrDQmZqrgl948.jpg,2026-06-24,False,False,6.0,2
False,/m5hRaGUx25YfBSZW108UxcvdoeZ.jpg,"[35, 10749, 14, 18, 27]",1418982,A Matter of Life and Death,ar,مسألة حياة أو موت,"Haya's convinced she's going to die before thirty, so she's living like it — loud, reckless, completely unfiltered, no brakes. Then one of her stunts goes wrong and lands her in the ER... right into Youssef. A heart surgeon. Calm, controlled, lives by a schedule. The human opposite of her in every way.  Naturally, she decides he's her destiny.  What follows is chaotic, funny, and a little bit ridiculous — neon nights, strange rituals, the kind of moments you can't plan for. Her countdown keeps ticking. His walls keep cracking. And somewhere in between, they both start remembering what it actually feels like to be alive.  A love story for anyone who's ever felt like too much.",0.9757,/u5n8QwiWNEUKzLa8DwuFanwIplx.jpg,2026-06-25,False,False,0.0,0
False,/nwX6zvJ5aWUdJvUc0IM8sljq89C.jpg,"[35, 10749]",1488778,Crossing A Dawn,zh,今晚正好,"During a date, Xu Qiu and Chen Yuzhou's serendipitous encounter leads to repeatedly thwarted attempts at intimacy, yet a night of urban wonders gradually unveils their guarded emotions, culminating in an unforgettable love.",1.527,/yNC2rc1CDauPjyosunsrC52Kf44.jpg,2026-05-20,False,False,7.0,1
False,,"[18, 53]",1593151,Stepfather,en,Stepfather,"After years of eradicating any family that falls short of perfection, Darnell believes his new wife Asia and her daughters might finally be the real deal. That is, until tensions rise and they uncover his deadly pattern. Now, getting rid of them won’t be as easy as he planned.",1.3473,/3k1TEn6r22wegou8Bo6yrnbcC7x.jpg,2026-06-19,False,False,6.571,7
False,/hkX7n8KuTV39swyjjkRUxSosgt5.jpg,"[878, 18]",1070754,O Horizon,en,O Horizon,"Abby, a brilliant, young neuroscientist who has recently lost her father, drowns her grief by spending her days working with a monkey named Dorey. Abby meets a programmer, Sam, who has created a technology that reconnects Abby with her beloved father. Her relationship with her digitized dad then forces her to re-examine everything from her romantic relationships to her life’s work.",1.1134,/8EeB8AFUh4Gxs8PuyWpive2KiEb.jpg,2026-06-12,False,False,0.0,0
False,/4BNEdfmgM2cZF1yNeE6bT0tIK63.jpg,"[35, 18]",1471537,Solomamma,no,Solomamma,"Edith is a curiosity-driven journalist and single mother. Solo parenting proves to be complicated, but when the identity of the man who donated the sperm that got her pregnant surfaces, she seeks him out under the false pretext of interviewing him about his company.",1.1101,/l57DviQNrx9p23vGwDmpAkUZKIo.jpg,2025-11-07,False,False,6.0,2
False,,"[53, 9648, 27]",1705862,Curiosity Killed the Cat,en,Curiosity Killed the Cat,"A struggling young writer finds inspiration when a package is delivered to the wrong address, leading her to discover and investigate her neighbour's dark secret.",1.3622,/yAmFzFjCKFf3vt3CUQDgfVcji0n.jpg,2026-05-29,False,False,10.0,1
False,/8FSB22d8lFe7OIHNXVcw8t8OSri.jpg,"[53, 10752, 80]",1255795,Putin,en,Putin,"A portrait of a formidable political figure, unraveling the contrasting facets of an iron-fisted tyrant and a man haunted by fear.",1.0021,/j3Q2MrpmaOrKfN2pInNvRNhYa4G.jpg,2025-01-09,False,False,6.161,56
False,/amutAGNCN5KazfMfVnHcDyzqrUH.jpg,"[10749, 18]",1719894,Unconnected,en,Unconnected,"Sylvia Vanguard is a woman who seems to have it all: Money, success, and a good man. But now that she has reached her pinnacle, she's ready to take on the one thing that she has sacrificed to achieve her goals- motherhood. After being denied by her longtime boyfriend, she decides to move forward alone with using unconventional methods to have a child, and ends up getting way more than she bargained for.",1.505,/zTdamL46xHJXipmoHlx0GUxuE9r.jpg,,False,False,0.0,0
False,/w0HQPkEI8nD4oaTIcTyaRKvghs0.jpg,"[12, 35, 14, 27]",1395111,Five Friends 2: Mount Klawih,jv,Sekawan Limo 2: Gunung Klawih,"Three years after climbing Mount Madyopuro, the five friends' friendship has grown stronger. When they reunite for Andrew's daughter's birthday, they witness the family threatened with becoming a sacrifice for a black magic ritual! They set off to accompany Andrew to Mount Klawih. However, Juna has disappeared into the realm of demons!",0.991,/kSAqEES6PW1rwl7FvBnaTVL55lo.jpg,2026-05-27,False,False,6.167,3
False,/pZixcjAW0s2dflNZGJ6zLFJuh9j.jpg,"[80, 9648, 18, 10770]",1594520,True Justice: Eye For An Eye,en,True Justice: Eye For An Eye,"Amateur sleuths tackle a fresh challenge at a local school, diving into the fierce world of parent politics. Their investigation uncovers hidden agendas and unexpected alliances as they navigate the complex web within the community.",1.2846,/rcKD1DBuJzC8T35UD4KKFrXZI9n.jpg,2026-05-23,False,False,4.0,2
False,/hLYH6wbi3Mgscdv2KuYcTdWGlUV.jpg,"[80, 28, 9648, 53]",824003,Diabolik: Who Are You?,it,Diabolik - Chi sei?,"Captured by a ruthless gang of bank robbers, foes Diabolik and Ginko find themselves facing certain death. While Eva Kant and Altea forge an unlikely alliance to rescue their lovers, Diabolik reveals his mysterious past to the Inspector.",1.1337,/1DAXwi4y941ryPoGbzUlFEEiPAo.jpg,2023-11-30,False,False,6.4,160
False,/3OdrhNBIIJdzAxZjNoojwAc3Ot8.jpg,"[10751, 35, 18]",1499783,Splish Splash Forever!,de,Plitschplatsch forever!,"11-year-old Pola and her best friend Polly spend all their time at the local outdoor pool, Plitsch Platsch, where Polly's parents run a café. When the pool is closed due to budget cuts and Polly's family moves away, Pola suddenly finds herself alone. Refusing to give up, she teams up with her clever new classmate Rosalie to try to save the pool. Together, they start a petition and rally with the local children. Along the way, Pola discovers new friendships and learns that change is a part of growing up.",0.896,/zmyyCq1oQ5VH1uUfGJrYxRmJBlt.jpg,2026-04-16,False,False,0.0,0
False,/aU8POCo7adWGBObJjV6wQUyyo60.jpg,"[18, 10749]",1087571,Un amor,es,Un amor,"Upon settling in the countryside village of La Escapa, Nat accepts a disturbing sexual proposal by neighbour Andreas, paving the way for a self-consuming passion.",0.9222,/34VeLVwFihUvhlqk8U7QiNlbbkU.jpg,2023-11-10,False,False,6.677,48
False,/u6NNVf9JzxT7wK8wyR4Nun8i2iN.jpg,"[18, 14]",1235301,The Boy with the Light Blue Eyes,el,Το Αγόρι με τα Γαλάζια Μάτια,A cursed blue-eyed boy seeks love in a remote mountain ruled by superstition.,1.328,/gpepaAy3gQyMBpeWcZzhJMKDhvb.jpg,2026-06-04,False,False,0.0,0
False,/qZ6VszLHlYfc7CiaYIWdFxoUO35.jpg,"[35, 18]",1719358,Does he have a window?,pl,Czy on ma okno?,,1.4546,/4tr5hl0XuRjc0NWjlOGShiHYV5L.jpg,2026-06-18,False,False,10.0,1
False,/86TwJ1OSOyDuyvd5qZqLbH9RaHh.jpg,"[18, 14]",1684268,The Supernatural Sweet Shop,ko,이상한 과자 가게 전천당,,1.0627,/xHnw4j8F0xMFB1P7mxD4rJsp87J.jpg,2026-05-29,False,False,0.0,0
False,/81jteI5xIztDCFPhMXBTmT5MdW9.jpg,[18],1399462,Calle Malaga,es,Calle Málaga,"Maria Angeles, a 79-year-old Spanish woman, lives alone in Tangier, Morocco, and enjoys her daily routine. However, her life is turned upside down when her daughter arrives from Madrid to sell the apartment in which she has always lived. Determined to stay, she does everything she can to get her home and her belongings back and, unexpectedly, rediscovers love and sensuality.",1.1393,/fWagBXNDk44UaupYtwQOAvDwGiT.jpg,2025-10-31,False,False,7.3,49
False,/rnijbMUngiWNP3KgqGfb2ijDEIJ.jpg,"[18, 10770]",1621159,Nuclear Boy,nl,Nuclear Boy,"The lonely 17-year-old outcast Aike craves attention and finds it online where he conducts dangerous chemistry experiments. Hoping to pull Aike out of his internet bubble, his mother, a hardworking nurse, sends him to the scouts to make real friends. When that fails, Aike feels rejected and hurt. To prove himself to the world, he begins his biggest experiment yet: he secretly builds a nuclear breeder reactor in his mother's shed, encouraged by a growing group of internet followers.",0.8313,/mRzELoMkpKvYqM2Ae6Fj61pNRTb.jpg,2026-06-18,False,False,0.0,0
False,/hJZi4BNyejM0BtBlWsMhGx7dUoq.jpg,"[35, 80]",1274837,Million Dollar Madness,fr,Le Million,"Under immense pressure and amidst competition with a duplicitous colleague, Stan, the ambitious and very serious operations manager of a construction firm reaches breaking point when he learns that he’s been unfairly laid off by the company’s tyrannical CEO. He impulsively steals one million euros from the company’s vault, tosses away the key to the safe and hastily flees with his fiancée Marine… Before discovering that his termination was a mistake, and he is actually being promoted! Stan has until sunrise to return the money to the vault. But having thrown away his key, and with the only spare inside the CEO’s own apartment, he must reluctantly enlist the help of Hippolyte, Paris’s most unpredictable locksmith. The night promises to be full of twists and turns!",0.9288,/eDIazOrqDZJE2DAm1wwSwNGvtwb.jpg,2025-09-24,False,False,5.5,29
False,/dk0qtHOn6vljfNa42Vpo57eWMPr.jpg,"[18, 27]",1719568,LYTLE 2014,en,LYTLE 2014,An argument unfolds in the midst of everything else that has ever happened.,1.0128,/wL38heLlTzoqsTLg1RP4gIhr8Oy.jpg,2026-06-24,False,False,0.0,0
False,/b2Hh6q9qqHl0pWLAS6Hzf3dhkLG.jpg,[99],1477087,"Ingeborg Bachmann – Jemand, der einmal ich war",de,"Ingeborg Bachmann – Jemand, der einmal ich war","Sandra Hüller portrays Ingeborg Bachmann on an imaginary day in Rome. Regina Schilling’s hybrid film weaves together reenactments, archival footage, and Bachmann’s own writings into a portrait that offers a refreshing new perspective on the author and positions her writings as a reference point in current debates on gender relations and power.",1.0206,/qKJV8zX23FcoNM3Vx3jtU8S58F8.jpg,2026-06-25,False,False,0.0,0
False,,[],1675994,French Girls,en,French Girls,"A young woman enters the uniquely absurd world of modelling in this Sydney microbudget marvel. The debut feature of Hyun Lee.  Mia is drifting through life working on construction sites when she’s scouted by a Sydney model agent. Suddenly, she’s making more money than ever while working less – something her boyfriend loves to point out. Mia quietly observes this strange new world of modelling with deep uncertainty. Is this really the life she wants? With one curious turn after another, she finds herself in trouble with the law.",1.6772,/aIL5CWslyhq7vnXOohBnNRkEURQ.jpg,2026-06-10,False,False,0.0,0
False,,"[10749, 10770]",1509524,Where the Heart Lands,en,Where the Heart Lands,"A Kentucky horse trainer's world is upended when a handsome LA lawyer inherits her stable. To stop him from selling, she and the locals drag him into the excitement of horse racing, finding love along the way.",0.9696,/8GkR6VwocQleAlVeiycv5JfU1RS.jpg,2026-05-30,False,False,7.0,1
False,/iHG3hm6rOQbRJakNAq5cP2s1utH.jpg,"[10770, 53]",1711071,The Jealous Bride,en,The Jealous Bride,"As Meg prepares for her wedding, the return of a woman from her fiancé's past ignites a wave of jealousy she can't contain. Consumed by doubt, she soon spirals into a dangerous obsession that threatens to destroy her love, her faith and her future.",1.3063,/fCdtM7FKPjimt0XijKlwOSv9E0v.jpg,2026-06-13,False,False,5.0,1
False,/3LOgsM6ah3AnpuSAVVSqIgyNKAM.jpg,"[27, 35, 18]",1642122,No Volveré,es,No Volveré,"A lonely ventriloquist is served divorce papers at the showroom bar where he works. Things take a strange turn when he tries to remedy the situation with his puppet, Luis.",0.7113,/cgI3LemJ9wJZVY41fFxPReg6gDv.jpg,2026-07-01,False,False,0.0,0
False,/gzdiIww3xtEOjwJzJ3JknD9vZS9.jpg,[18],1684842,The Blind Girl and an Elephant,bn,সাঁকোটা দুলছে,"Three girls try to flee their village to escape the superstitions and fanatic hostility surrounding them. Only the blind girl makes it out, finding herself face-to-face with an elephant.",0.7599,/A3gvnTedT9TozSCevogPI2Rg6R2.jpg,2026-06-15,False,False,0.0,0
False,/253S3mBfoE7Bd0Ioe9pXEvdhlh6.jpg,"[99, 10402]",1517161,Broken English,en,Broken English,"A survivor, provocateur and true original, Marianne has spent more than six decades defying expectations — releasing over thirty-five albums while constantly reinventing herself. Made with her full involvement, Broken English is an intimate and unflinching exploration of a fractured yet unbreakable life shaped by fame, creativity and relentless public scrutiny.",1.106,/dhT0Okekfq6Ncqh5ttFBGM6TimF.jpg,2026-01-22,False,False,7.0,2
False,/hArGjSwxJckhRGaXaAlCHW4wXri.jpg,[10770],1538486,The Crucian,zh,鯽魚,"Born never to cry, Fish seeks his missing mother through the underworld. He believes her ghost is imprisoned within a deity puppet — yet, it conceals neither his mother nor an informant, but a survivor. Through the puppet’s mouth, the seaside street’s buried past unfolds.",1.4062,/v3kA0cG5scZ5VdzRyu4Rkt8Pj6U.jpg,2026-07-01,False,False,0.0,0
False,/wFDLq0hl1YdWXXQSU2BSDLcJX9T.jpg,[18],974228,Cotton Queen,ar,ملكة القطن,"In a cotton-farming village in Sudan, teenage Nafisa is raised on heroic tales of battling British colonizers told by her grandmother, the village matriarch Al-Sit. But when a young businessman arrives from abroad with a new development plan and genetically engineered cotton, Nafisa becomes the center of a power play to determine the future of the village. Awakening to her own strength, Nafisa sets out to save the cotton fields – and herself. Neither she nor her community will ever be the same again.",0.8536,/p0veSdE8OHuiX39nk0jql1k2e5n.jpg,2026-04-23,False,False,0.0,0
False,/mQ7k7yuWHmKg48uTWtfpwloXfb3.jpg,"[99, 10402]",1537635,Peter Asher: Everywhere Man,en,Peter Asher: Everywhere Man,"Peter Asher’s extraordinary life has intersected with some of the greatest artists and musical moments of the last six decades. A child actor who became a pop star and then a manager and producer to the likes of James Taylor and Linda Ronstadt, he is a Zelig-like figure who remains a vital creative force to this day. Featuring interviews with Paul McCartney, Carole King, and many more.",1.1086,/qht4Q1qkda8s8urkMuUoWxSvCGo.jpg,2026-06-19,False,False,0.0,0
False,/5Ha46FCDKfJMnVjHsOR1QSA1zdE.jpg,[18],1319977,Nothing Personal,es,A la cara,"Lina, a well-known TV host, appears at Pedro’s doorstep to confront him about a cruel message he posted about her online. What begins as a showdown soon turns into an awkward living arrangement that quietly reshapes them both.",1.1452,/xLQriTb3JYbjzV4JRzsAx9uCxgg.jpg,2026-05-29,False,False,5.0,1
False,/wFAsF5yD4hMx2AunxiIX1Q0NcgP.jpg,"[10749, 18]",1649874,Deewana,te,దీవానా,"Munna, an ordinary boy in an ordinary world, sees a beauty that feels beyond his reach. While he struggles to become worthy of her, she is quietly learning to leave.",0.7845,/3QkUCZep8cWBcu3982OrYitb9L1.jpg,2026-06-19,False,False,0.0,0
False,/g1U6p44hQuGtqkWR1ej2N26KLga.jpg,"[18, 53, 878]",1548047,Peace by Piece,en,Peace by Piece,"Jeremy’s quiet day in the park is interrupted when he's approached Martin, a strange and enigmatic man claiming to be an actor from the future preparing to play Jeremy in a film. Martin hints at future events, leaving Jeremy to interpret how much is true. Clues are dropped, questions are raised, and Jeremy begins to realize that his own story may be more complicated than he ever expected. Shot in a single unbroken take, through the perspective of an autonomous drone, Peace by Piece follows one conversation that slowly reveals the consequences Jeremy will one day face. Like Jeremy, the audience discovers the truth, piece by piece, until the final revelation.",0.6027,/oOAybuCXu7k4jY7wwBzS84BkzVJ.jpg,2026-05-29,False,False,0.0,0
False,,"[878, 27]",1700567,Burrow,en,Burrow,"A year after the death of her brother, a young woman joins her friends on a drug-infused getaway that spirals into a night of horror when an alien insect burrows into one of her friends, transforming him into a vicious man-eating creature.",1.2056,,2026-05-22,False,False,0.0,0
False,/oDnGezi223WaQNSyEvNPZM3KDAr.jpg,"[16, 14]",1501135,Three Wishes of Cinderella,ru,Золушка. Тайна трёх желаний,"In this magical, funny twist on Cinderella, a woodcutter transformed into a chipmunk, a nut-granting tree, and true love help her escape a forced royal wedding.",0.7857,/eziQLujweYTKUrOp0TZEL9bylBb.jpg,2026-04-09,False,False,5.5,2
False,/fUil9M4RVOGkF9gx9BukFvqkP9m.jpg,"[18, 37]",1398911,East of Wall,en,East of Wall,"After the death of her husband, Tabatha—a young, tattooed, rebellious horse trainer—wrestles with financial insecurity and unresolved grief while providing refuge for a group of wayward teenagers on her broken-down ranch in the Badlands.",1.1069,/1OsdhvbLNLUJEi9vqQCyhAXsaRX.jpg,2025-08-15,False,False,5.9,28
False,/zxQfDiSZAB68P1ehvNjqEbfshLc.jpg,"[80, 9648]",1337438,Unidentified,ar,المجهولة,"The body of a teenage girl is found in the heart of the desert, he raised many questions about the girl's personality, the lady decides to search for the circumstances of the crime and collect information about the unknown body, and solves the mystery surrounded by the crime.",0.9231,/wN1nAE5WgSY0HauFlgty4sOAcnd.jpg,2026-06-19,False,False,6.0,1
False,,"[35, 10751]",1629983,Робоняня,ru,Робоняня,"Cheerful and inventive Zlata, who stays at home alone for the sake of the school ball and the first kiss, under the supervision of the newest robot nanny Notrix. Confident that she can easily trick the car, Zlata soon discovers that she is dealing with an invulnerable opponent who controls the entire house. Desperate, she and her neighbor Nikita, who is in love with her, find an unconventional way out - they begin to communicate with the robot in its language, using ""perfect promts"". Their friendship with their iron friend is rapidly gaining momentum and leads to a huge party, which turns into real chaos. It is at this moment that Zlata has to make a choice and understand what true friendship and self-sacrifice are.",1.0262,/sihYf53YsgEByzx8berTBEvmUuA.jpg,2026-06-18,False,False,0.0,0
False,/6WSsCx9DJUmsJacdP91ReOMoXME.jpg,"[99, 36, 18]",1717046,The Shadows Of Method,en,The Shadows Of Method,,1.1752,/ik6uNpfmW4fkEqkZ5Tath50rLks.jpg,2026-06-18,False,False,0.0,0
False,/xuihdxr0dqf3PxPQHXDH02Tok4I.jpg,[35],1479537,Bad Counselors,en,Bad Counselors,"After committing a crime on campus, two frat-stars pretend to be Christian camp counselors in order to fulfill court ordered community service.",0.7328,/raWg26WVDQeqbTizRjdgJpCHssd.jpg,2026-06-22,False,False,0.0,0
False,/uF64PtdZueukT7FKffs4B76H1Wv.jpg,"[99, 10402]",1595825,Farewell AKAB Okretnica,en,Farewell AKAB Okretnica,"As one of Belgrade’s last DIY anti-nationalist spaces faces closure, its community gathers for a final night — a farewell that becomes a quiet act of resistance.",0.9617,/gorYKAoUcac9NJpRJprf1vrhOtY.jpg,2025-12-06,False,False,10.0,1
False,/jDNbVUAZW2khP3Ks1TLFgcWiszK.jpg,"[10749, 35]",1326886,Love Barista,ko,나혼자 프린스,"A superstar Korean actor stranded in Vietnam ends up crossing paths with a sweet, ordinary barista-to-be, kicking off an unpredictable, heart-fluttery romance that shakes up both their worlds.",0.9412,/eGq4p8gw8QIC4z3j9u6mv0IycCF.jpg,2025-10-03,False,False,6.0,1
False,/7I3CjAU0nH4QibCgZdAsRXhFXWF.jpg,[18],1493932,Phera,bn,ফেরা,"Two men share a house and a past that no longer fits them. As city life pulls Palash forward and age holds his father Pannalal in place, an unexpected return forces them to confront their differences and the quiet truths they have avoided.",1.1067,/af291JbfBh7o00De8EtrNpOElvN.jpg,2026-05-29,False,False,0.0,0
False,/3jR9RY0l9tuls0YrJjHm31f5g4T.jpg,"[18, 35]",1483319,Shana,fr,Shana,"Shana navigates the trials and tribulations of everyday life with boundless energy and the support of her group of friends. When her grandmother passes away, she inherits a ring that is supposed to protect her from bad luck. Shana certainly needs this helping hand. Especially since her toxic partner has been released from prison, and misfortunes are piling up…",1.656,/qANoV4IaHBzJaQNu5SXt731RXwh.jpg,2026-06-17,False,False,5.857,7
False,,"[878, 28, 9648]",1700279,The City of the Shattered Sun Episode 1 - The fall of the Elites,en,The City of the Shattered Sun Episode 1 - The fall of the Elites,"When two armed burglars break into the home of a powerful Elite, they quickly realise they have made a catastrophic mistake. Outmatched and outgunned, the encounter sets off a chain of events that sends the Elite hurtling through a malfunctioning teleporter and stranding him alone in the wasteland outside the city walls — where something is already watching.",1.2022,/7Q009XAq3l22EMlOdVyK8ufyiBy.jpg,2026-05-22,False,False,0.0,0
False,/fXCXGA3097l7UkUoHiAjOtSZca4.jpg,[18],1518311,Stardust,nl,Sterrenstof,"When his father brings his new girlfriend to the seaside, a withdrawn boy is forced to share his grief with someone he doesn't want to know.",0.9253,/sa0eCIeHr1PmXxYX03mp2Lwuzs2.jpg,2026-06-20,False,False,0.0,0
False,/kW0GOgOyIQ0WuXIZ0mX13jHjyCt.jpg,"[35, 14, 10751]",1494142,Bogatyrs,ru,Богатыри,"Ancient Rus. The hero Svyatogor defeated the evil Sorcerer who wanted to conquer Rus - to do this, he used magic to turn into a Dragon. Svyatogor hid three artifacts (the claw, eye, and vein of the Dragon) in the modern world so that evil would never return. But because of the schoolboy Vanya, the Sorcerer's beloved enters our time. She wants to find these artifacts, resurrect the Dragon, and bring her betrothed back to life. Together with two heroes from ancient Rus, Vanya must find the villain and prevent her from carrying out her plan.",0.8935,/cSPEwmixROARNSRlvMFHBdS5KVh.jpg,2026-05-21,False,False,0.0,0
False,/extlKcIdZTF5AdIshtnCyH9T2pu.jpg,"[18, 10402]",1115577,Kyrie,ja,キリエのうた,"Luca lost her family in the Great East Japan Earthquake causing her not to be able to speak. However, her singing voice shakes the hearts of those who listen to her. It is a hymn of compassion played by Luca and the people.",0.8632,/2ZzFFPVbmNM91bTgXsVgwz1dDv4.jpg,2023-10-13,False,False,7.5,10
False,/5sC3LfRN4RscuJ8EesXf0wlbnXV.jpg,[27],1599117,Dosa: Penebusan atau Pengampunan,id,Dosa: Penebusan atau Pengampunan,"Bima and her wife, Ersya, have an accident while they're going out of the town and they are trapped in a mysterious hotel, where they are terrorized and forced to face past sins that cannot be avoided.",0.8828,/wLsxAzUjlkVS1QgG61IUpznUUG.jpg,2026-06-11,False,False,4.0,1
False,/nqDROnbKp52GQEgqz1B7OTs0bOR.jpg,"[27, 53]",1590666,'Ain,id,'Ain,"Joy, a beauty influencer obsessed with popularity. Her past as a fat and neglected teenager has made her extremely narcissistic. Her best friend, Dini, warns Joy to stop showing off her beauty for fear of contracting a disease, but Joy ignores her. Eventually, she experiences a horrific event that leaves her body in a disgusting state.",1.2566,/u4zui9IkRaIuCZwSogAMQSpjWax.jpg,2026-05-07,False,False,4.0,3
False,,[27],1643254,The Curse Of Black Pond,en,The Curse Of Black Pond,"A group of teenagers go to an old house on vacation with a big black pond, what they don't know is that a long time ago, a witch was drowned and killed there and now she's back for revenge, on those who live in her house.",0.7784,/qqq6CVYtFpqSbBGk4qz2rfPf0Az.jpg,2026-05-21,False,False,0.0,0
False,,"[35, 18, 10751]",1633052,Daydream,en,Daydream,"A young adult recounts childhood memories involving his 6th grade teacher and the lessons she taught, particularly her unconventional assignment: to daydream.",1.2366,/opfXUeIVvuX53KzxDUMRieIWkxW.jpg,2026-05-29,False,False,0.0,0
False,,"[53, 14]",1719031,The Monkey bar,en,The Monkey bar,"Three childhood friends return to their favorite college bar a night before a wedding ,only to discover that the bar remembers them. The stools they sit on unlock personal truths they've buried for years. Guided by the spirits of Gandhi’s three monkeys, they see, hear, and speak the uncomfortable realities they’ve long avoided ,and leave the night changed forever.",1.4549,/c6azxeo8cMTvrzp6vFWYrJYntDm.jpg,2026-06-21,False,False,0.0,0
False,/yfjIDn5aAgBH4ioq4rE2W6zmqju.jpg,"[35, 80, 28]",608067,The Ultimate Duo,ko,끝장수사,"Jae-hyuk was once a star detective in the regional investigation unit, but after losing his marriage and missing promotions, he's now a washed-up small-town cop whose life has completely fallen apart. His new partner is Jung-ho, a rookie detective and former influencer armed with sharp intelligence, ambition, money, and youth. The mismatched duo doesn't click at all, but one day they arrest a thief who stole from a church donation box and discover he's a prime suspect in a Gangnam murder case. However, the case has already been closed with another perpetrator arrested. To catch the real killer, they head to Seoul on a business trip. With prosecutor Mi-ju's promise to support are investigation, they request cooperation from Gangnam Police Station. But their questionable teamwork - or is it team-killing? - puts the case in jeopardy.",1.3435,/yQXmoS5Q8cNm7Tt17lWVO2lg2uh.jpg,2026-04-02,False,False,5.2,4
False,/8Ck0DvrceQYuw65gm1dTRMJ6Oq9.jpg,"[18, 9648, 27]",255593,Yumeno Kyusaku's Girl Hell,ja,夢野久作の少女地獄,"Utae and Aiko attend an all-girl private school where the devoutly religious principal seems to be raping some of the students, including Utae.",1.0135,/cykTpvB40EnHmbZLLbd4cskAfIO.jpg,1977-08-20,False,False,5.5,13
False,/as5uCMxAgBIY9LYrDdQUK7r61y4.jpg,[18],997955,Fairyland,en,Fairyland,A father-daughter relationship evolves through an era of bohemian decadence in 1970s San Francisco to the sober and heartbreaking era of the AIDS crisis in the 1980s.,1.135,/eZ3OgBMzR3UZEbm9otRYFBwL8Ao.jpg,2025-10-03,False,False,5.962,13
False,/5wvBD898Yxfp8hUVNHdyAGAxmqs.jpg,[18],846575,Gorgonà,el,Gorgonà,"Greece. A small, impoverished city-state dominated by a massive refinery—its only source of income: oil. The men, all armed, hold absolute power. Their leader, Nikos, is gravely ill and must arrange his succession. Shock spreads when he includes his protégé, Maria, among the contenders. The fate of this young woman—unaware of the most tragic part of her family’s past—will be turned upside down by the arrival of Eleni, a singer at the town’s bar.",0.952,/jfUEQa8ipwd1q0HIF2447987Z2O.jpg,2026-04-02,False,False,2.0,1
False,,[],1650814,Dos días,es,Dos días,,0.8872,/A61TrD9ai6Wnqn2vCRPZamE2LPh.jpg,2026-03-13,False,False,0.0,0
False,/Rsh1NIh9Xlwp6bTs4djjdDcZrb.jpg,"[18, 12, 9648, 36]",800513,The Great Lillian Hall,en,The Great Lillian Hall,"Lillian Hall, a Broadway actress, has never missed a performance throughout her long, illustrious career. Yet in rehearsals for a new play her confidence is challenged. People and events conspire to take away her ability to do what she loves most.",1.2051,/2ogNnNAmteEYlhf8iW4rPXgfYNW.jpg,2024-06-30,False,False,7.086,29
False,/wiIFKSEZkKgmoI1ylsrbqvRxu1S.jpg,"[35, 10749]",1418582,Here The Whole Time,pt,Quinze Dias,"An insecure teenager's vacation plans are ruined by an unexpected visitor: his neighbor and school crush who will spend two weeks sleeping at his house. The days that promised peace, tranquility and epic series marathons end up bringing a whirlwind of feelings and unresolved issues.",1.2033,/pvtRVMKF4efPjD07Aq5sBuPFhSj.jpg,2026-06-18,False,False,7.5,2
False,/aTYbctfVUmRIHw7aLikUd0Tyv7O.jpg,[16],1583409,Curly Burly,da,Krølle Bølle,"Krølle Bølle lives safely underground on Bornholm with his family and all the other trolls. Life here is full of bat flights, cave parties—and rules, lots of rules. One rule in particular must never be broken: do not go up to the surface, because humans are dangerous. But Krølle Bølle is a troublemaker who doesn’t quite understand what all the rules are for.  When a sudden rumbling comes from above, he sneaks up toward the human world to see what’s happening. His little sister Borra follows him, and what begins as an innocent mischief-filled outing for the two of them quickly turns into a grand adventure—full of danger, magic, and experiences greater than anything Krølle Bølle could ever have dreamed of.",0.972,/lw2kGvFBd9kJDjgWQhFSiSDPZHN.jpg,2026-02-05,False,False,5.7,3
False,/iVudZtQ8aL1wMxYC5eePEatwmLt.jpg,[18],1392527,Renoir,ja,ルノワール,"In 1987 Tokyo, a quirky and sensitive 11-year-old girl copes with a terminally ill father and stressed-out working mother while encountering various adults dealing with their own struggles.",1.2063,/92pUHLbUXJd61xUSzfEiNtrVVZy.jpg,2025-06-20,False,False,6.7,14
False,/ql12szdj0Je48XzymHXJyik1w0q.jpg,"[35, 10751]",1520093,God of Mischief,en,God of Mischief,"When a cheeky 10-year-old boy sets his sights on playing Loki in the school play, his over-the-top confidence costs him the role, but he hatches a mischievous plan to prove he's the real god of mischief after all.",0.7734,/mYhOiFsn3i1LgHwVOJs2cBUISSg.jpg,2026-05-20,False,False,0.0,0
False,/R8ohCHYFJfjqj33o6sKFKQGJbB.jpg,"[10402, 18]",1229563,The Wave,es,La Ola,"A music student’s testimony ignites a feminist uprising on her campus, where protest becomes performance and collective voice becomes an act of resistance.",0.9494,/nnmrSNDTiSTgczXBKLeqrk7hT8j.jpg,2025-08-28,False,False,5.4,5
False,/R8ohCHYFJfjqj33o6sKFKQGJbB.jpg,"[10402, 18]",1229563,The Wave,es,La Ola,"A music student’s testimony ignites a feminist uprising on her campus, where protest becomes performance and collective voice becomes an act of resistance.",0.9494,/nnmrSNDTiSTgczXBKLeqrk7hT8j.jpg,2025-08-28,False,False,5.4,5
False,/xoUzJ8s2VxVDIJqthP4C3sFL0Sg.jpg,"[35, 18, 53, 9648]",1450771,Nicolás de Jesús' Now You See Me...,es,Ahora Me Ves...,"Struggling fair owner Kesselring (Nicolás de Jesús) is given a unique opportunity to restore the fair to its former glory when his friend Dr. Goodkat (Fredy Roque) introduces him to Marcus Kelevra (Alexis Adrián), a man whose mysterious act will draw people back to the fair, at a deadly cost, and even sparking interest among his fellow fairgoers.",0.9364,/z1nELGUselYiNhQy1Ksq2CHudD9.jpg,2026-06-26,False,False,0.0,0
False,/re3E4engyt0RqXT188NLBzHPZwO.jpg,"[16, 35, 18, 878]",1235137,Boys Go to Jupiter,en,Boys Go to Jupiter,"A teenager in suburban Florida desperately hustles to make $5,000 in this dreamy and surreal animated coming-of-age story.",0.9184,/3dTnNYq0TZYkTLqRXgHz3OBxcFA.jpg,2025-06-26,False,False,7.1,13
False,/y3KBvJlbvaVO90YErdgiAlB4o16.jpg,"[35, 18]",1351705,Miss Mermaid,fr,Miss Mermaid,"Freshly divorced, Fanny, a thirty-something from Fécamp, has nothing left of her marriage but a sky-blue sofa, debts she refuses to pay, and an absolute determination never to 'start her life' with a man again. Despite her burning need for freedom, this cleaning lady finds herself stuck back at her parents' house.  That is, until the day she crosses paths with Anemone, a professional mermaid passing through the region. She decides to take the plunge and dive into the world of mermaiding.",1.2601,/mHOdJ7cKrASZvGli7GaXbDUSOdd.jpg,2026-07-01,False,False,0.0,0
False,/3kprJr9fAmaLR8jYN5bPDkOY2by.jpg,"[27, 53]",1250846,The Painted,en,The Painted,"When Evelyn Elster inherits her estranged cousin's fortune she thinks her family has finally gotten the break they've needed. Little do they know they've not only inherited her cousin's riches, but also a family curse, and must do whatever they can to avoid becoming its latest victims.",0.9931,/ybQ7ZTkn83lZCy4wD9naOPIWVU4.jpg,2024-12-19,False,False,5.5,35
False,/8KXk2UFU0gTltS4Y118zkX9YUgN.jpg,[18],1453479,Blood Lines,en,Blood Lines,"Whilst embarking on a lesbian relationship with the new girl in town, a Métis woman’s life is rocked to the core when her estranged mother returns.",0.8641,/pvbjC0cVMybV5RusvXVQprcp77k.jpg,2026-06-26,False,False,0.0,0
False,,[],1646433,Mil pedazos,es,Mil pedazos,"Miguel (55), Isabel (45), and Emilia (9) go on vacation with their dog, Eve. Suddenly, an accident in the middle of the desert leaves the mother seriously injured. Miguel, trying to save Emilia, embarks on a personal journey with his daughter to find answers about what happened. Three months later, Isabel awakens from a coma and begins a personal, loving, and intuitive quest to rebuild her family.",0.9716,/2IvdJz0fONOU9I50Ub8J4O3iLxk.jpg,2026-06-04,False,False,0.0,0
False,/idK9euBc8FgigZculjRB3pVhFM0.jpg,[10402],1712382,Alessia Cara: Giant Desk Concert,en,Alessia Cara: Giant Desk Concert,"In the first (or maybe only) episode of Giant Desk, Alessia Cara is invited on as a guest to perform six tracks from throughout her discography.",1.342,/cKd0JTCAxNW9kdiDNx10e7nyXp0.jpg,2026-06-10,False,False,10.0,1
False,/pPMrufPsXOJrbVG37r1UtgfUmWV.jpg,"[18, 878, 16]",1441453,Jinsei,ja,無名の人生,"Our hero (voiced by rapper ACE COOL), called by a different name in each chapter of his life, becomes a J-pop idol, an outcast, a leader, and an oracle in this hundred-year chronicle spanning the past, present, and future. Through a chance encounter with a transfer student, he trains to become an idol, starting his search for self-identity and a journey toward greatness beyond superstardom. Written, directed, edited and entirely hand-drawn by newcomer Ryuya Suzuki over eighteen months, JINSEI (meaning “life” in Japanese) is an anime tour-de-force that announces Suzuki to the world as a bold new talent in independent animation.",0.9451,/8fL1gbORj0F1cKpTRfkN4lrBZf.jpg,2025-05-16,False,False,0.0,0
False,/76WjBQnUJXqtxpnqWkeUiLTB7mY.jpg,"[9648, 14, 28]",1712693,Di Renjie: Bloodstained Coffin,zh,狄仁杰之血谜棺,"During the Lantern Festival, a strange murder suddenly occurs. Di Renjie stakes his life and steps into the mysterious situation alone. He clears away the thick fog, traces the murderer, and every step is full of suspense.",0.9792,/lHdlaAiKvuCRCCjh0gK5NdWGyDA.jpg,2026-06-11,False,False,0.0,0
False,/ch2fz27m2R0qj8P3Kv992mhjNzh.jpg,"[18, 53]",1193115,Out of Control,fr,Dis-moi juste que tu m'aimes,"Julien and Marie have enjoyed 15 years of seemingly stable marriage until Anaëlle, Julien’s childhood flame, returns. Her sudden presence awakens old insecurities in Marie, who begins to doubt Julien’s devotion and question her self-worth. Amid this emotional storm, Marie is drawn to Thomas, a charismatic stranger who offers her the validation she craves.",0.9577,/buek3iQvMKdt0Ez4dCLsgY8EO9X.jpg,2025-02-19,False,False,5.8,51
False,/8ie4NxadaQ3n9OSm1noN3NzzJL1.jpg,"[35, 10749]",1668345,Kata Hati,ms,Kata Hati,"When celebrity actress Ayra Natasha's glamorous life unravels in one humiliating night - a red carpet disaster, a cheating boyfriend, and a viral disappearance, she finds herself in the back seat of a stranger's car, ugly-crying into a box of tissues. Her unlikely rescuer is Imran Firdaus, an e-hailing driver with nowhere particular to be and no reason to care… except that he does.  What begins as a forced arrangement - Imran hired as Ayra's personal driver to contain a tabloid storm slowly becomes the one real thing in both their lives. But Ayra belongs to a carefully constructed world of sponsors, film contracts, and a power couple narrative that her manager-sister Maya cannot afford to let fall apart.  Kata Hati is a Malay-language romantic comedy about the words we perform for the world, and the ones we only dare say to the ones we love.",1.1032,/34mTg3wyr95YCj2wwf2ngXM8FjM.jpg,2026-06-04,False,False,0.0,0
False,/dlq3GoejDFL1AfLeoOnarf6bGUW.jpg,"[28, 53, 9648]",249772,1: Nenokkadine,te,1 - నేనొక్కడినే,A rock star must overcome his psychological inhibitions to seek revenge for his parents' death.,0.9819,/dYpqpA7BsDHeyAGs9AAEPhZmbck.jpg,2014-01-10,False,False,6.707,99
False,/rlj5dH3uNWb3KrvrTUvuRTsTFsq.jpg,[18],1510304,Donkey Days,de,Donkey Days,"Sisters Anna and Charlotte have always fought for their mother’s attention. As old wounds reopen and suck them back to their family home, they unravel mesmerizing mysteries, including anonymous ashes and their mother’s love for a donkey. Will they come to terms with each other?",1.2069,/wmVdGnrXyB2YkzPMiyBfzyYh7eX.jpg,2026-05-07,False,False,0.0,0
False,/plPMJJSFpy1srpEkOSIy9tmdd1S.jpg,[],1671640,バナ穴 BANA_ANA,ja,バナ穴 BANA_ANA,,0.61,/73UwWXn81MFehqRY9yVAXgtbSWJ.jpg,2026-06-27,False,False,0.0,0
False,/a7R1KHBvcf8dztRIpR7sa1KQamx.jpg,[18],1318417,A Place for Her,fr,La Maison des Femmes,"At the Maison des Femmes, women victims of violence are cared for. Elsewhere, they are threatened, brutalized, raped, mutilated, their suffering ignored. Here, they are listened to, supported, helped and believed. Diane, Manon, Inès, Awa and the others will give them a helping hand until they can stand up again. As a team. Even if it means risking their own equilibrium.",0.8444,/1CUXmCLU9DkZHH8w4w43ZvOdVTd.jpg,2026-03-01,False,False,8.6,36
False,,"[53, 9648, 80]",1715778,Midnight City,en,Midnight City,"Dutch Lazarus is a detective who specializes in strange cases. When a new client walks into his office and stymies him at every turn, we begin to wonder what her game is, and if Dutch already knows a lot more more than she's telling.",0.7927,/4icFapyusU2hEl5hLJaYUmbBVKK.jpg,2026-06-19,False,False,0.0,0
False,/tkBeIoOSVVyvR2N2E2PKfe7Pa5A.jpg,[18],1710999,Detached,nl,Detached,"Flor and his best friend Otis have always done everything together, but when a conversation reveals that their bond means different things to each of them, Flor is forced to confront a friendship he thought was unbreakable.",1.1925,/dmEopd8qugslMxmKOXIjJ22IHkL.jpg,2026-06-07,False,False,0.0,0
False,/iVDsZzyJpxjU9jHG1ofXdllINyO.jpg,"[35, 18]",1483527,François.e,fr,François.e,"François, a 50-year-old screenwriter whose career is on the decline, cynically ticks the ""transgender"" box to secure funding for his latest TV series project. When, against all odds, his plan works and his project is accepted, he finds himself having to portray… Françoise, an author beginning her transition. Unable to fulfill the required role, he must team up with Sarah, a real trans writer. As Françoise, François finally achieves success. He fills his bank account and reconnects with his teenage daughter… but as his deception continues, the price to pay proves higher than expected: his truest bonds are forged around his new identity. Françoise liberates him as much as she imprisons him.",0.9072,/d465j5MnoIB6q45LWjifoKwbceG.jpg,2026-07-01,False,False,0.0,0
False,,"[28, 35]",1718921,Mimi The Mime,en,Mimi The Mime,"A homeless mime and a struggling clown fight over the attention of a crowd on a NYC sidewalk.  When their fight draws more attention and money than their performances ever could, they  realize they struck gold. Broke, desperate and out of options, the pair transform their slapstick  routines into an underground bare-knuckle sensation called ‘Mime vs Clown’.",1.1083,/a5XtYcq1pT1s0qILnG2sfj0Sljw.jpg,2026-06-20,False,False,9.0,1
False,/im4sVXW6K2V87hTVNymtu4U3enT.jpg,"[18, 10749]",1325035,The Last First Time,es,El fin de las primeras veces,"Eduardo, an 18-year-old kid from a small village in Jalisco, travels to Guadalajara. In this big and strange city, away from the eyes of his parents, he experiences his first encounters in love and sex.",0.7758,/aJFbBpOfRYV04GZc28BpTWvTw3e.jpg,2026-05-28,False,False,4.0,1
False,/2TrEhQ0cRaFnKlfW5HsIL5buMF8.jpg,[18],129372,Street of Joy,ja,赤線玉の井 ぬけられます,"It's the evening before the day all brothels must be shut-down, according to the new law, in 1958. At the Kofukuya's (literally, the house that sells happiness), five prostitutes decide to celebrate the day. Eroticism, drama, and comedy mix as each hour a different event passes, in which all the women's stories come to the surface.",1.0388,/dWtqbLYz5DYMeRUiMqlUfOqKahU.jpg,1974-09-21,False,False,7.0,5
False,/pTtnK0emkSazbhpqQIBNKixxsPf.jpg,"[28, 18, 10751]",1664119,The Next Karate Kid,ru,Малыш-каратист,"Twelve-year-old Sasha is forced to leave Moscow for Pyatigorsk to live with his aunt while his doctor parents are on assignment in Africa. Local children, school bullying, and conflict with the leader, Marat, become part of his new life. When his parents disappear during a flood, the boy faces utter despair. Seeking strength, he discovers a passion-karate, where his strict sensei, Dmitriy, and his daughter, Masha, help him overcome his fears, develop his character, and find inner strength.",0.8507,/7gMZmN8YeTRdc6K3ySWzvVEl0vs.jpg,2026-06-21,False,False,0.0,0
False,/ydvnMVoLqYiNipbpioZAx4ILEaS.jpg,"[18, 10749]",1326056,404 Still Remain,ko,너와 나의 5분,"In 2001, Lee Gyeong-hwan and his mother move from rural Yeongcheon to the city of Daegu to leave behind a broken marriage and hurtful rumours. Reticent and shy, he struggles to acclimatise but his seatmate happens to be Jae-min, the cool class president who takes Gyeong-hwan under his wing. While they quickly bond over a shared love of Japanese culture, particularly the music of Globe, Jae-min's affectionate and open attitude allows Gyeong-hwan to relax and reveal his feelings in a world where he must hide them.",0.8094,/30JOtz3skACsGvRaE3iRytEVzmq.jpg,2025-11-05,False,False,8.0,1
False,/aJkSTLH5LWm6WyxanOihsCkuSo9.jpg,[18],996871,Tales of Taipei,zh,愛情城事,"A heartfelt piece that tells the stories of Taipei streets, people and communities. From ten directors across the globe, creating ten unique stories of Taipei, through various backgrounds, delivering the same heartfelt message.",1.0021,/wc7XhKQCyLML5sguB2u5moWuXFz.jpg,2024-08-30,False,False,5.0,1
False,/3asMCHGCzEWdIsuzEQglhySpdvm.jpg,[18],1693545,Eventually,en,Eventually,A struggling but capable teenager works through his increasingly odd responsibilities on a family farm.,1.3197,/bDltnQSbudnWZXcTB3xyofBOJQy.jpg,2026-05-31,False,False,10.0,1
False,,"[12, 18]",1511051,Rain Reign,en,Rain Reign,"Rose Howard, a neurodivergent 12-year-old girl raised by her volatile single father, is forced to abandon her daily routines when a superstorm devastates their town and her beloved dog, Rain, goes missing. With the support of her uncle, Rose embarks on a determined search for Rain — a journey that challenges her resilience and compels her to make an impossible choice between her own needs and doing what is right.",0.8519,,2026-06-06,False,False,0.0,0
False,/yDnCUKMuRjfHMwlCFGRK9D9qzYR.jpg,[18],1690696,Heart Set on Her,zh,心有妻妻焉,"Mia and Emma decide to take the next step toward marriage, only to find their first challenge lies in bringing their families together. Amid complicated traditions, dowry preparations, and the chaos of wedding planning, they face arguments, doubts, and uncertainty about the future. As expectations from both sides begin to weigh on them, they start to question what happiness truly means—and whether marriage is really the answer.",1.2132,/oHglAxTSOBA715aszySDX6f4xnI.jpg,2026-06-11,False,False,0.0,0
False,/gmASWL2EzSocMMfjFnfgUOYJg41.jpg,"[80, 18]",1721367,Homage,en,Homage 2026,"A reformed street figure risks everything when he tries to help an old friend fresh out of prison, only to discover that some debts don't disappear; they come back to collect.",0.8508,/yZ5DHdQ5d1wUgvzeZmVsQPJP3Gx.jpg,2026-06-01,False,False,1.0,1
False,/zNsAd8B5cTDg5D7vBDjOX4tYU5G.jpg,[18],1274757,Forastera,ca,Forastera,"Cata will see her summer vacation disrupted by the absurd and sudden death of her grandmother, which only she witnesses. Her grief shifts when she casually turns to play pretend, transforming into the deceased. What begins with a game of dress-up will blur the lines of reality and family roles.",1.1229,/fl7Bl7KSHjN5IzzhGrvWJBsJ3SS.jpg,2026-05-29,False,False,0.0,0
False,/5NBOcZeorOg6RnU2YiIABeCFxVC.jpg,"[35, 80]",1288229,Forge,en,Forge,"In Miami, siblings Raymond and Coco Zhang’s art forgery ring flourishes when they encounter a disgraced millionaire in need of their expertise. Meanwhile, FBI Art Crimes agent Emily Lee moves to Miami to investigate a series of mysterious paintings.",0.9403,/l6NKGZZbVkt2q4YYq0gflvTEJQo.jpg,2026-05-15,False,False,0.0,0
False,/oMIJpE1JLeIeQCt2bkB28G9zSd9.jpg,"[18, 53]",1542847,The Abyss,ru,Пропасть,"Dasha and Sasha are a happy newlywed. A honeymoon and a parachute jump over the foothills of Mount Elbrus are supposed to be the beginning of their new life. But fate intervenes. The pilot turns out to be Artyom - Dasha's ex, a man she didn't even want to remember. When the plane crashes, the three are forced to jump without training. The lines get tangled. They miraculously survive - but find themselves suspended over a mountain abyss amid raging forest fires. Dasha finds herself between two men, each of whom is tied to her life. One is the present. The other is an unhealed past.",0.7566,/4KPlGs4JflyOG79ZYf9UX4n0qYN.jpg,2026-05-28,False,False,0.0,0
False,/7yrRoh2TTEW2re2XIoD32DoVWWd.jpg,[18],1393615,Gugu's World,pt,Feito Pipa,"Gugu, a black boy living with his grandmother, experiences memories and revelations when the old city where she lived returns.",0.815,/7aR0r9KVSfbzmCOGXGfulpmKOBj.jpg,2026-06-05,False,False,0.0,0
False,/jjHhol2Pxe020AEYvi0w7Q5hFtF.jpg,"[18, 35]",1422089,Open Endings,tl,Open Endings,"Four queer women in their 30s who are exes-turned-best-friends navigate adulthood, love, friendship, chosen families, and everything in between.",0.9026,/wRrjJkbzIFNaKvFwvAkSdhP2bIY.jpg,2026-06-10,False,False,0.0,0
False,,[18],1718082,Borom Baax,en,Borom Baax,"A lonely petrol station attendant summons a spirit to make his wishes come true, but finds himself confronted by something sinister.",1.3315,/A02IhwebZkDnGHXnAW2jpwD0g9L.jpg,2026-06-27,False,False,0.0,0
False,/cg5VIuHIRIkHIKh3rEfkptIgNqS.jpg,"[18, 878]",1437612,Don't Let the Sun,en,Don't Let the Sun,"In a world almost like ours, Jonah works for an agency that offers human relationships. When he's hired to serve as Nika's father, he begins to lose control of his tightly controlled life.",0.8576,/bPGWsGUWJuHP9lvg3Wg6XQCA7aY.jpg,2026-03-19,False,False,6.8,2
False,/ucGVrx0THqoHQGt5usFAiKPgSyu.jpg,[99],1688863,My Coluche,fr,Mon Coluche à Moi,"It’s the story of two guys — a comedian and a journalist — who become friends and get up to all sorts of antics. It’s the story of two men reflecting their era. It’s the story of one man, Coluche, seen through the eyes of his friend, Michel Denisot. It’s the story of his Coluche.",0.6787,/asHv7lpzrtuSA7bro6395H0xm6P.jpg,2026-05-21,False,False,8.0,1
False,/nMWBf7in8treOjEiuU0rxcpKVvW.jpg,[99],1688575,Kyle Larson vs. The Double,en,Kyle Larson vs. The Double,"Two-time NASCAR champion Kyle Larson attempts the notorious ""Double,"" racing the Indianapolis 500 and the Coca-Cola 600 on the same day. With weather, exhaustion, and risk closing in, 1,100 miles offers a rare inside look at one of the toughest challenges in motorsports-and the man daring enough to take it on.",0.904,/2ovfdMuA9Dwz3K8NOTcbrdOWMO2.jpg,2026-05-21,False,False,10.0,1
False,,"[18, 10749]",1714206,Beneath the Blue Ice,en,Beneath the Blue Ice,"Tasha, a college student, finds herself caught between Layson, a devoted hockey player who loves her, and Aaron, who is only using her. As loyalties are tested on and off the ice, she has to decide who truly has her heart.",0.9616,,2026-06-27,False,False,0.0,0
False,/oR8G8UQk6OjMNIl53a8YdV4ORZI.jpg,"[18, 36]",1291202,Duse,it,Duse,"In the years between WWI and the rise of Fascism, legendary thespian Eleonora Duse shocks everyone by getting back onstage at over 60 years of age. Struggling with the brutality of historical events unfolding and clinging to the possibility of utopia, she makes her art a revolutionary act, even at the cost of sacrificing health and affection—facing her final journey aware she could give up life itself, but not her own true nature.",0.9464,/ezHZoB8TDQQIW3kt8bF6YUddAtf.jpg,2025-09-11,False,False,6.768,41
False,/oR8G8UQk6OjMNIl53a8YdV4ORZI.jpg,"[18, 36]",1291202,Duse,it,Duse,"In the years between WWI and the rise of Fascism, legendary thespian Eleonora Duse shocks everyone by getting back onstage at over 60 years of age. Struggling with the brutality of historical events unfolding and clinging to the possibility of utopia, she makes her art a revolutionary act, even at the cost of sacrificing health and affection—facing her final journey aware she could give up life itself, but not her own true nature.",0.9464,/ezHZoB8TDQQIW3kt8bF6YUddAtf.jpg,2025-09-11,False,False,6.768,41
False,/7UABiSiMvOKXU6kxNrStIUo2IVM.jpg,[18],1096642,The Ties That Bind Us,fr,L'Attachement,"A young single father trying to find the strength to love. A feminist librarian, single by conviction, who’s decided that she won’t be a mother. A six-year-old child trying to find a place in a new family structure. By revealing their aspirations, their fears, their choices, Carine Tardieu depicts different ways in which humans create families.",1.4251,/tRLvA1kqbII1IuFDaRncQUkDLqW.jpg,2025-02-19,False,False,7.141,263
False,/6z9TlQE2HRU1djxoI3e4XNYfcAD.jpg,"[16, 10751, 36]",1245399,Hola Frida!,fr,Hola Frida!,"It’s the story of a little girl who is different. Her world is Coyoacan, Mexico City. Sparkling, vibrant, everything interests her and when difficulties arise, she faces them with an overflowing imagination. This little girl is called Frida Kahlo.",1.1767,/hY8TslXAaJD0cytxifrhy6h5cJl.jpg,2025-02-12,False,False,6.455,22
False,,"[28, 14, 878, 27]",1647483,Judge Michael - Rise of the Law,en,Judge Michael - Rise of the Law,"A new enemy has risen on mega city one, his name is Voss Kane "" The Ripper "" bringing chaos to the streets, now a new judge has emerged from the hall of justice teached by Dredd himself, to uphold the law and bring justice to the streets.",0.8964,/whIl2GjeULi03pimd24Y5mqkMok.jpg,2026-06-26,False,False,0.0,0
False,/hlGr9nwyNC9m6UH5niOZxJGzowk.jpg,[18],1398460,A Second Life,fr,A Second Life,"July 26, 2024 — the day of the Olympic Games Opening Ceremony. Elisabeth, a hearing impaired young woman, is torn between depression and the pressure of managing short-term rentals in a hectic Paris. The arrival of Elijah, a radiant and carefree Californian, disrupts her fragile balance.",1.0367,/fGa0CrA8h83KGyJKDk1EZj3aPgu.jpg,2026-06-10,False,False,5.0,2
False,,[35],1717858,John-Luke Roberts Builds a Monster,en,John-Luke Roberts Builds a Monster,"John-Luke Roberts is too anxious to leave the house, so a figment from a nightmare called “The Monarch” has to perform his show for him.  The Monarch doesn’t know how to perform a comedy show, but does it anyway.  This is that show. An anxiety dream performed live on stage; or a comedy show about anxiety.",1.0858,/u77OV8YpFZ6hjgJOz9vM3wrL8yO.jpg,2026-06-12,False,False,0.0,0
False,,"[9648, 35]",1705039,"Estás en medio, Ambiente",es,"Estás en medio, Ambiente",,1.3156,,2026-05-31,False,False,10.0,1
False,,[27],1711175,Summerween,en,Summerween,"On Summerween, a former circus clown escapes a mental institution to return to his abandoned mansion and hunt the teens partying there.",1.3236,/iLkTJe0ze5h9Z0Rs9IJMfXnuZU8.jpg,2026-06-26,False,False,0.0,0
False,/x821gqqaSQuWQLi5aDKwdX3b6Mt.jpg,"[16, 14, 10751]",1309514,Let's Go! Anpanman: Baikinman and Lulun,ja,それいけ！アンパンマン ばいきんまんとえほんのルルン,"One day, Baikinman finds a picture book, hears a voice calling for help from inside the book, and is sucked into the book, where he meets the forest fairy Lulun. Lulun, who is too scared to muster up the courage, asks her to defeat the ""Sucking Elephant"" that is rampaging in the forest. Although Lulun is reluctant at first, she gains courage when she sees Baikinman standing up to Suitoruzo, but she is forced to struggle against Suitoruzo's strength. In a desperate situation, Baikinman tells Lulun to call Anpanman, but...",0.8587,/qoqN55N5w9pQHmLLxLvUmiisvAw.jpg,2024-06-28,False,False,0.0,0
False,/qGiC3UCLVF1N1amhzQgGTSwqivW.jpg,"[18, 9648]",1712907,What a Perfect World,fr,What a Perfect World,,1.5005,/pj2HCvzoV1HAoTnjTKE1aU1VtUu.jpg,2026-06-11,False,False,10.0,1
False,/9GaDOQlCmKU64IRJUBGAupFEB2M.jpg,"[14, 18]",1718932,Memory of a Coven,es,Memoria de Aquelarre,"A woman who feels alone in the world discovers, through an encounter with other women who claim to know her, things about herself that she did not know, and in them she achieves something that seemed impossible: a family.",1.5703,/fOJ03RNK4SZbHiUFu1gGk56Zehn.jpg,2026-06-27,False,False,0.0,0
False,/uSTopcXu63JlNrPGlLg7wUOQaFD.jpg,[10751],1717843,Maksym & Milana,es,Maksym y Milana,"Told through the eyes of children, the story of Maksym, a 10-year-old Ukrainian boy, who flees the war, arrives in Valencia and meets a Russian girl named Milana.",1.2203,,2026-04-04,False,False,0.0,0
False,/iHa6Maq7zckKzhacseHial1cvbK.jpg,[35],1422612,The Giaccomo,fr,The Giaccomo,"To reach a million followers, Giaccomo will stop at nothing. From Amiens to Dubai, the dizzying rise of an influencer ready to push all boundaries to blow up the buzz.",0.8128,/x1hV4bA6XYf5idlmqjxKQ11Dqdc.jpg,2026-06-17,False,False,6.7,3
False,/mPWqLx6I0QmDVLA9wVTBXCacq9J.jpg,[],1708992,La Ventana,es,La Ventana,,0.7616,/oxY18p1tfnGOjgEj2Satumrd7U5.jpg,,False,False,8.0,1
False,/6y98EyDVC3cJuzFx8DCxvHYYXR5.jpg,"[35, 10749]",1403189,Follies,fr,Folichonneries,"After 16 years together, François and Julie open their relationship to explore sexual adventures and self-discovery. With two kids and their bond at stake, the path proves more complex than expected.",1.0254,/q31pAsmK2mlxxEztWzf9OaN0zf2.jpg,2026-01-30,False,False,6.5,2
False,/85sDwuKIqyRGQeG6E4OK0WKzMse.jpg,[53],1680516,WHO,fr,WHO,"In a high-stakes world where time is scarce and every choice matters, diverse characters face a merciless system where one wrong move means death. Amid intense pressure, they confront moral quandaries and seek truth while testing limits.",1.0057,/rO9L4pXE0ykAKGHOTPNGXcvh450.jpg,2026-05-28,False,False,4.7,21
False,/7ZQJMVmmdR7VR7xoCoEA1Hysv8c.jpg,[18],1313229,Nino,fr,Nino,"Nino is a young man on a journey to reconnect with the world and himself in the streets of Paris, following the suggestion of his doctors. In three days, he will face a major challenge.",0.7296,/s7kmHzYxMnKuSqTD1XIwW0qg9hz.jpg,2025-09-17,False,False,7.34,78
False,/w5EprlCldSQ5lPTHFmhvXAsb8VB.jpg,"[18, 28]",1485325,Angikaaram,ta,அங்கீகாரம்,"Inspired by true events, this film follows the journey of a man who has had enough, fights for recognition against a system shaped strictly by politics and power.",0.7964,/rRyz56Fubfwmre6F5QiYyIzKmnT.jpg,2026-06-26,False,False,0.0,0
False,,"[99, 10751, 18]",1719266,"hi, Papa",en,"hi, Papa","A daughter revisits past ""hello's"" in order to learn how to say goodbye to her recently deceased father.",2.16,/aZ1vRGmvJfMpj7q0xM4y1ESEt9e.jpg,2026-06-04,False,False,10.0,1
False,,"[35, 10749]",1372139,Cowgirl,ca,Cowgirl,"Empar, a 60-year-old farmer, needs her cow Tona to get pregnant to save her farm. After failed attempts, she asks Bernat, owner of the area's largest farm, for help. When Tona conceives, the vet warns of a risky pregnancy.",0.7607,/9L4H91ijgC3n88vj0giMsM35KmP.jpg,2026-05-22,False,False,2.0,1
